,docket_event_description,count,case_examples
0,Case Opened as a New Filing,6237,49d08-1601-gu-000075; 53c01-1901-gu-000007; 02d03-1903-gu-000043; 49d08-1903-gu-012513; 28c01-1709-gu-000043; 02d03-1706-gu-000111; 02d03-1901-gu-000013; 49d08-1905-gu-018752; 49d08-1608-gu-030449; 49d08-1803-gu-010558
1,Appearance Filed,5829,49d08-1608-gu-030784; 49d08-1908-gu-032866; 02d03-1704-gu-000072; 10c01-1802-gu-000036; 46d01-2009-gu-000107; 30d01-1612-gu-000094; 32d01-1609-gu-000097; 23c01-1607-gu-000016; 64d01-1702-gu-001763; 49d08-1908-gu-033436
2,Automated ENotice Issued to Parties,5648,49d08-1610-gu-038365; 79c01-1901-gu-000002; 02d03-1712-gu-000266; 20c01-1904-gu-000077; 02d03-1803-gu-000075; 41d01-2007-gu-000124; 45c01-1807-gu-000135; 18c01-1704-gu-000033; 49d08-1902-gu-007303; 32d01-1711-gu-000142
3,Oath Filed,5635,22c01-1609-gu-000080; 33c01-1906-gu-000032; 49d08-1801-gu-000698; 55d03-1903-gu-000017; 49d08-1810-gu-042840; 21d01-1704-gu-000018; 45d05-1906-gu-000159; 89d02-1807-gu-000068; 49d08-1812-gu-048984; 60c01-1810-gu-000029
4,Hearing Scheduling Activity,5564,49d08-1703-gu-009106; 46d01-1911-gu-000103; 41d01-1612-gu-000187; 60c01-2007-gu-000016; 82d04-1603-gu-000131; 49d08-1606-gu-020046; 52c01-1806-gu-000008; 50c01-1809-gu-000065; 49d08-1810-gu-040932; 02d03-2005-gu-000115
5,Petition to Establish Guardianship Filed,5152,29d03-1612-gu-000226; 10c04-1707-gu-000113; 02d03-1807-gu-000176; 02d03-1602-gu-000041; 49d08-2009-gu-031048; 71j01-1604-gu-000064; 33c01-1803-gu-000015; 41d01-1606-gu-000098; 49d08-2010-gu-038187; 02d03-1603-gu-000050
6,Automated Paper Notice Issued to Parties,5081,02d03-1704-gu-000093; 53c01-1807-gu-000091; 20d01-1801-gu-000006; 28c01-1709-gu-000045; 20d02-1809-gu-000201; 49d08-1809-gu-036451; 21d01-1903-gu-000012; 49d08-1701-gu-004163; 49d08-1705-gu-020694; 49d08-1903-gu-010575
7,Letters of Guardianship Issued,5062,49d08-1811-gu-044988; 49d08-1612-gu-043009; 27d03-1807-gu-000067; 22c01-1806-gu-000041; 49d08-1608-gu-030790; 73d01-1809-gu-000061; 28c01-1906-gu-000017; 49d08-1701-gu-002485; 49d08-1810-gu-041104; 49d08-1702-gu-007462
8,Order Granting Petition to Establish Guardianship,4443,53c01-1811-gu-000148; 82d04-1610-gu-000543; 18c01-1705-gu-000044; 28c01-1702-gu-000003; 49d08-2009-gu-031445; 88c01-2006-gu-000033; 18c01-1808-gu-000108; 10c01-1604-gu-000059; 18c01-1902-gu-000033; 89d01-1808-gu-000075
9,Hearing on Petition to Establish Guardianship,4293,02d03-1810-gu-000278; 49d08-2011-gu-042052; 49d08-1605-gu-018476; 49d08-2009-gu-031356; 49d08-1901-gu-001256; 45d05-1903-gu-000064; 20c01-1812-gu-000276; 49d08-1608-gu-028071; 73d01-1701-gu-000009; 49d08-1610-gu-035428
10,Document Filed,3722,49d08-1711-gu-043978; 49d08-1903-gu-009840; 49d08-1602-gu-005294; 49d08-1808-gu-033222; 49d08-1801-gu-002249; 49d08-1706-gu-022793; 20d01-1901-gu-000013; 32d02-1706-gu-000064; 45d02-1808-gu-000181; 49d08-2006-gu-019469
11,Hearing Journal Entry,3667,02d03-2009-gu-000201; 73d01-1803-gu-000018; 20d01-2010-gu-000145; 20c01-1905-gu-000105; 53c01-1807-gu-000100; 20c01-2004-gu-000053; 49d08-1909-gu-036443; 49d08-1810-gu-040730; 49d08-1602-gu-007356; 82d04-1603-gu-000202
12,Order Issued,3126,45c01-1804-gu-000046; 32d01-1603-gu-000032; 60c01-1706-gu-000014; 80c01-1610-gu-000025; 88c01-1904-gu-000014; 53c01-1805-gu-000062; 45d11-1607-gu-000007; 45d11-1712-gu-000063; 79c01-1701-gu-000010; 03c01-1808-gu-004234
13,Physician's Report Filed,2452,49d08-1905-gu-021122; 45c01-1611-gu-000174; 02d03-1809-gu-000259; 18c01-2002-gu-000009; 49d08-1812-gu-048530; 02d03-1609-gu-000225; 53c01-2002-gu-000035; 49d08-1610-gu-037192; 18c01-1612-gu-000129; 02d03-1710-gu-000214
14,Notice Filed,2283,02d03-2009-gu-000199; 49d08-1603-gu-009994; 46c01-2011-gu-000137; 02d03-1710-gu-000215; 02d03-1801-gu-000026; 49d08-2001-gu-000521; 49d08-2012-gu-045061; 02d03-1802-gu-000038; 45c01-1808-gu-000164; 49d08-1902-gu-008204
15,Report Filed,2225,17d02-1706-gu-000026; 49d08-2008-gu-027463; 02d03-1703-gu-000059; 84d03-1604-gu-002692; 82d04-1602-gu-000103; 18c01-1703-gu-000023; 55d01-1607-gu-000066; 02d09-1606-gu-000120; 53c07-1807-gu-000093; 49d08-1804-gu-015409
16,Order Set for Hearing,2203,49d08-1812-gu-049606; 49d08-1801-gu-002003; 49d08-1611-gu-040162; 49d08-1902-gu-005322; 49d08-1901-gu-002439; 49d08-1712-gu-046430; 49d08-1806-gu-023196; 49d08-1809-gu-038318; 49d08-1805-gu-021255; 49d08-1909-gu-040535
17,Guardianship Information Sheet Filed,2102,02d03-2003-gu-000066; 17d02-2005-gu-000013; 49d08-1904-gu-017498; 89d01-1812-gu-000117; 49d08-1907-gu-027219; 53c01-2009-gu-000108; 82d04-1812-gu-000726; 20d01-1809-gu-000204; 07c01-2012-gu-000022; 37c01-1801-gu-000032
18,Inventory Filed,1973,82d04-1603-gu-000170; 10c01-1608-gu-000126; 02d03-1901-gu-000013; 82d04-1608-gu-000456; 49d08-1605-gu-018775; 52c01-1803-gu-000006; 49d08-1611-gu-041562; 20d01-1902-gu-000026; 53c01-1806-gu-000082; 02d03-1904-gu-000060
19,GAL/CASA Appointed,1870,49d08-1704-gu-015931; 49d08-1802-gu-007258; 28c01-1705-gu-000018; 49d08-1602-gu-003644; 02d03-1905-gu-000101; 02d03-1910-gu-000199; 20c01-1812-gu-000276; 49d08-1802-gu-004588; 17c01-1705-gu-000016; 73d01-1603-gu-000017
20,Notice Issued to Parties,1819,49d08-2008-gu-027003; 49d08-2009-gu-033413; 49d08-1811-gu-046420; 49d08-1711-gu-043741; 49d08-2004-gu-013627; 49d08-1909-gu-036443; 67c01-1903-gu-000011; 10c01-1603-gu-000043; 53c01-1701-gu-000009; 49d08-1911-gu-046025
21,Motion Filed,1773,53c01-1807-gu-000099; 45d11-2004-gu-000084; 26c01-2009-gu-001024; 49d08-1708-gu-031445; 20d01-1612-gu-000168; 49d08-1908-gu-032866; 49d04-1605-gu-015747; 20c01-1708-gu-000099; 73d01-1605-gu-000036; 49d08-1602-gu-005113
22,Notice of Exclusion of Confidential Information,1757,49d08-1810-gu-043070; 20c01-1808-gu-000173; 45d05-1905-gu-000119; 49d08-1911-gu-048664; 28c01-1709-gu-000043; 49d08-1909-gu-037402; 49d08-1712-gu-047522; 20c01-1811-gu-000257; 49d08-1907-gu-026520; 79c01-1906-gu-000055
23,Petition Filed,1746,02d03-1812-gu-000331; 02d03-1804-gu-000086; 49d08-2001-gu-000061; 73d01-1605-gu-000036; 02d03-1911-gu-000222; 45c01-1902-gu-000027; 47c01-1811-gu-000112; 06d01-1703-gu-000016; 18c01-1706-gu-000050; 02d03-1812-gu-000320
24,Hearing,1575,49d08-1702-gu-007476; 32d01-1808-gu-000090; 82d04-1611-gu-000601; 84d02-1701-gu-000620; 22c01-1801-gu-000014; 50d01-1702-gu-000005; 48c01-1908-gu-000445; 45c01-1809-gu-000213; 20d01-2009-gu-000118; 24c01-1708-gu-000549
25,Order Granting Motion to Terminate Guardianship,1546,49d08-1802-gu-004469; 49d08-2010-gu-034923; 49d08-1904-gu-017054; 53c01-1701-gu-000002; 49d08-1603-gu-008732; 12c01-1910-gu-000045; 10c01-1606-gu-000090; 32d01-1706-gu-000072; 49d08-1605-gu-018780; 21d01-1703-gu-000013
26,Notice Issued,1536,80c01-1803-gu-000001; 33c01-1907-gu-000043; 79c01-1610-gu-000100; 41d01-1709-gu-000148; 02d03-1603-gu-000045; 49d08-1806-gu-021506; 49d08-1803-gu-010785; 48c01-2001-gu-000038; 20d01-1606-gu-000081; 49d08-1902-gu-005872
27,Motion to Withdraw Appearance Filed,1433,49d08-1705-gu-021436; 02d03-2008-gu-000179; 49d08-1907-gu-026964; 02d03-1807-gu-000188; 49d08-1702-gu-006930; 49d08-1808-gu-030486; 02d03-1808-gu-000241; 02d03-2002-gu-000047; 29d03-1607-gu-000126; 49d08-1809-gu-039026
28,Administrative Event,1421,45d05-1809-gu-000222; 05c01-1812-gu-000018; 37c01-1911-gu-001121; 82d04-1607-gu-000398; 84d03-2007-gu-003757; 18c01-2012-gu-000133; 82d04-1602-gu-000099; 10c01-1604-gu-000059; 20d01-1902-gu-000029; 71d05-1602-gu-000036
29,Certificate of Service - separately filed,1395,49d08-1610-gu-037488; 02d03-1809-gu-000259; 49d08-1802-gu-005822; 49d08-2005-gu-015252; 45d11-2003-gu-000078; 49d08-1606-gu-020778; 49d08-1605-gu-017658; 49d08-1712-gu-044500; 49d08-1604-gu-011541; 49d08-2010-gu-035411
30,Added to Transmit to GU Registry,1280,46d01-2004-gu-000041; 47c01-1807-gu-000064; 43d01-1905-gu-000030; 45d11-1803-gu-000059; 20c01-1801-gu-000013; 49d08-1701-gu-001767; 18c05-1603-gu-000033; 45d02-1901-gu-000020; 02d03-1708-gu-000153
31,Notice to Court Filed,1260,49d08-2011-gu-040090; 49d08-1710-gu-037277; 49d08-1801-gu-002459; 49d08-2009-gu-033766; 47c01-2008-gu-000048; 49d08-1701-gu-001649; 73d01-1809-gu-000061; 64d01-1704-gu-003752; 49d08-1702-gu-006906; 49d08-1902-gu-008204
32,Order Granting Motion to Withdraw Appearance,1241,49d08-1711-gu-043504; 49d08-1705-gu-020694; 41d01-1903-gu-000051; 49d08-1911-gu-046328; 28c01-1811-gu-000044; 02d03-1802-gu-000050; 30d01-1605-gu-000031; 49d08-1909-gu-038538; 28c01-1704-gu-000012; 50c01-1710-gu-000032
33,Petition for Emergency/Temporary Guardianship Filed,1238,45c01-1807-gu-000145; 49d08-2001-gu-001024; 49d08-1807-gu-025906; 49d08-1611-gu-041320; 41d01-1708-gu-000133; 88c01-1702-gu-000004; 49d08-1712-gu-046127; 10c01-1811-gu-000178; 33c02-1705-gu-000036; 49d08-1604-gu-014001
34,Waiver/Consent to Proposed Action Filed,1237,02d03-1901-gu-000011; 02d03-2012-gu-000269; 49d08-1803-gu-009507; 49d08-1903-gu-011198; 33c01-1607-gu-000032; 49d08-1705-gu-018700; 49d08-1905-gu-017894; 18c01-2004-gu-000042; 18c01-2010-gu-000116; 49d08-1606-gu-021122
35,Order for Hearing,1201,41d01-1706-gu-000088; 33c01-1708-gu-000056; 34d04-1902-gu-000023; 02d03-1807-gu-000179; 02d03-1710-gu-000190; 24c01-1901-gu-000047; 02d03-2003-gu-000055; 02d03-2003-gu-000080; 02d02-1604-gu-000090; 22c01-1712-gu-000106
36,Order Granting,1196,27d03-1608-gu-000058; 45d05-1905-gu-000147; 17c01-1705-gu-000016; 45d11-1810-gu-000247; 45d02-1905-gu-000146; 45c01-1811-gu-000289; 49d08-2007-gu-024696; 49d08-2010-gu-034614; 49d08-2002-gu-005274; 49d08-1808-gu-032540
37,Order Granting Temporary Guardianship,1101,48c01-1903-gu-000146; 49d08-1810-gu-039870; 10c01-1604-gu-000060; 82d04-1604-gu-000244; 49d08-1711-gu-044037; 06d01-1705-gu-000025; 55d01-1703-gu-000023; 22c01-1708-gu-000077; 49d08-1606-gu-021122; 49d08-1904-gu-013678
38,Affidavit Filed,1053,32d01-1805-gu-000037; 79c01-1810-gu-000079; 41d01-2012-gu-000179; 20c01-2011-gu-000168; 20c01-1811-gu-000255; 49d08-1611-gu-040162; 49d08-1604-gu-015081; 79c01-2012-gu-000108; 32d01-1607-gu-000063; 49d08-2005-gu-016511
39,Motion for Continuance Filed,1012,02d03-1808-gu-000213; 50d01-1702-gu-000005; 53c01-2002-gu-000035; 27d03-1609-gu-000064; 49d08-1908-gu-033839; 49d08-1904-gu-017306; 53c01-1711-gu-000162; 73d01-1809-gu-000061; 24c01-1811-gu-000845; 49d08-1804-gu-013537
40,Clerk Administrative Event,927,32d01-2001-gu-000006; 49d08-1906-gu-022226; 33c01-2006-gu-000035; 45c01-1708-gu-000147; 49d08-1810-gu-040734; 32d01-1703-gu-000035; 84d01-1703-gu-002441; 84d02-2006-gu-002795; 18c01-1609-gu-000106; 73d01-1605-gu-000035
41,First Class Mail Returned,888,49d08-1601-gu-001725; 32d01-1901-gu-000007; 02d03-1906-gu-000112; 41d01-1702-gu-000018; 20c01-1704-gu-000050; 55d03-1903-gu-000017; 69c01-1804-gu-000022; 41d01-2008-gu-000132; 55d02-1605-gu-000043; 02d03-2012-gu-000258
42,Instruction Executed - Executor/Personal Rep/ Guardian,866,82d04-1612-gu-000682; 49d08-1607-gu-026735; 10c01-1609-gu-000136; 49d08-1606-gu-021286; 49d08-1604-gu-013795; 45d11-1810-gu-000269; 45d02-1806-gu-000098; 59c01-2007-gu-000053; 53c01-1904-gu-000038; 82d04-1610-gu-000557
43,Order Granting Motion for Continuance,866,41d01-1708-gu-000131; 45d02-1905-gu-000146; 76c01-1703-gu-000011; 53c01-1703-gu-000036; 49d08-1907-gu-026468; 66c01-1910-gu-000027; 54d01-1806-gu-000021; 45d02-1809-gu-000202; 49d08-1902-gu-004326; 80c01-1611-gu-000032
44,Consent Form Filed,850,49d08-1707-gu-028972; 18c01-1807-gu-000098; 49d08-1804-gu-016147; 49d08-1903-gu-008752; 41d01-1810-gu-000190; 06d01-2003-gu-000013; 45c01-1802-gu-000026; 10c01-1907-gu-000100; 65c01-2008-gu-000015; 54d02-2006-gu-000019
45,Order Approving,819,49d08-1611-gu-040144; 42c01-1603-gu-000024; 49d08-1702-gu-005183; 53c01-1603-gu-000029; 84d03-1612-gu-009045; 49d08-1806-gu-023035; 49d08-1804-gu-013765; 18c01-2008-gu-000086; 66c01-1910-gu-000027; 45c01-1802-gu-000029
46,Motion to Terminate Guardianship Filed,694,82d04-1610-gu-000571; 82d04-1704-gu-000216; 41d01-1808-gu-000136; 40c01-1703-gu-000013; 12c01-1910-gu-000045; 73d01-1812-gu-000072; 47c01-1609-gu-000060; 49d08-1702-gu-007317; 22c01-1806-gu-000043
47,Accounting Filed,694,49d08-1603-gu-009918; 84d02-1706-gu-004306; 20d01-1806-gu-000129; 41d01-1805-gu-000078; 06d01-1708-gu-000034; 49d08-2002-gu-008742; 18c01-1902-gu-000033; 49d08-1603-gu-009571; 49d08-2009-gu-030597; 45c01-1708-gu-000147
48,Hearing on Petition for Emergency Temporary Guardianship,656,49d08-2009-gu-033413; 37c01-1608-gu-000646; 02d03-2012-gu-000277; 49d08-1608-gu-030449; 49d08-1606-gu-021206; 49d08-1908-gu-032866; 02d03-1708-gu-000149; 02d03-2006-gu-000133; 28c01-2006-gu-000016; 49d08-1808-gu-030488
49,Motion for Allowance of Fees Filed,653,53c07-1803-gu-000033; 49d08-1611-gu-041779; 53c01-1702-gu-000024; 53c01-1603-gu-000047; 02d03-1803-gu-000075; 49d08-1607-gu-023981; 53c01-1702-gu-000019; 49d08-1810-gu-039416; 45d11-1803-gu-000058; 53c01-1712-gu-000173
50,Guardian Status Report Filed,649,49d08-1912-gu-051127; 46d01-1904-gu-000029; 48c06-1907-gu-000412; 53c01-2011-gu-000133; 49d08-1601-gu-002505; 49d08-1904-gu-013813; 49d08-2009-gu-033922; 73c01-1712-gu-000061; 49d08-2006-gu-018128; 20d01-1912-gu-000201
51,Motion for Fee Waiver Filed,628,28c01-2006-gu-000018; 02d02-1604-gu-000094; 49d08-2005-gu-017454; 33c02-2004-gu-000022; 49d08-2006-gu-018586; 02d03-2008-gu-000172; 53c01-2002-gu-000021; 49d08-1809-gu-037860; 84d03-1907-gu-004975; 02d02-1607-gu-000154
52,Service Returned Served,585,18c01-1811-gu-000146; 88c01-1907-gu-000028; 60c01-1704-gu-000007; 13c01-1702-gu-000002; 20d01-1904-gu-000074; 62c01-1908-gu-000016; 76c01-1608-gu-000028; 73d01-1604-gu-000024; 48c03-1906-gu-000353; 60c01-1711-gu-000029
53,Order Granting Motion for Allowance of Fees,583,49d08-1810-gu-041476; 47c01-1609-gu-000065; 03c01-1703-gu-001546; 49d08-1701-gu-002963; 53c07-1803-gu-000034; 49d08-1607-gu-023981; 49d08-1608-gu-030021; 53c01-1803-gu-000042; 02d03-1908-gu-000155; 49d08-1812-gu-049704
54,Final Accounting Filed,560,02d03-2011-gu-000235; 20d01-1907-gu-000138; 79c01-1610-gu-000103; 10c01-1603-gu-000039; 49d08-1812-gu-049818; 40c01-1902-gu-000002; 02d09-1705-gu-000096; 49d08-1704-gu-016817; 80c01-1809-gu-000022; 84d02-2005-gu-002557
55,Biennial Accounting Filed,560,02d03-1604-gu-000082; 41d01-1802-gu-000033; 53c01-1803-gu-000041; 53c01-1901-gu-000008; 02d03-1706-gu-000121; 41d01-1607-gu-000102; 02d02-1601-gu-000004; 53c01-1703-gu-000042; 02d01-1611-gu-000266; 03c01-1702-gu-000866
56,Clerical Mistake Corrected,559,24c01-2009-gu-000519; 37c01-1608-gu-000646; 02d03-1806-gu-000159; 20d01-1805-gu-000092; 49d08-1908-gu-032734; 49d08-1803-gu-012188; 02d03-1905-gu-000083; 21d01-1605-gu-000017; 45d11-1609-gu-000011; 41d01-1710-gu-000171
57,Order Granting Motion for Fee Waiver,548,27d03-1804-gu-000030; 73d01-1612-gu-000070; 49d08-1810-gu-039416; 49d08-2012-gu-043565; 10c04-1707-gu-000113; 02d01-1601-gu-000009; 49d08-1611-gu-042036; 02d03-2012-gu-000273; 88c01-1607-gu-000043; 64d02-1703-gu-002911
58,Correspondence to/from Court Filed,541,22c01-1605-gu-000044; 48c03-1903-gu-000150; 48c03-1712-gu-000599; 49d08-1601-gu-002281; 02d03-1707-gu-000138; 53c01-1703-gu-000041; 20c01-1709-gu-000112; 59c01-2007-gu-000053; 55d01-1803-gu-000027; 53c01-1801-gu-000003
59,Petition to Appoint GAL/CASA Filed,522,02d03-1604-gu-000096; 02d03-1704-gu-000060; 02d03-1702-gu-000024; 02d01-1607-gu-000146; 02d03-1808-gu-000211; 02d03-1711-gu-000225; 02d03-1806-gu-000148; 02d02-1609-gu-000235; 02d03-2001-gu-000014; 02d03-1802-gu-000041
60,Service Issued,468,13c01-1705-gu-000010; 69c01-1804-gu-000022; 32d02-1706-gu-000064; 47c01-1712-gu-000105; 49d08-1604-gu-013795; 18c01-1908-gu-000116; 49d08-1609-gu-034043; 79c01-1702-gu-000020; 49d08-1610-gu-036922; 73d01-1701-gu-000007
61,Order Approving Biennial Accounting,468,52d02-1901-gu-000001; 49d08-1611-gu-041562; 53c01-1611-gu-000179; 02d03-1805-gu-000124; 20d01-1903-gu-000050; 53c07-1803-gu-000033; 02d09-1611-gu-000263; 20d01-2005-gu-000065; 02d03-1911-gu-000231; 02d01-1601-gu-000009
62,Notice of Hearing Issued,466,53c07-1609-gu-000133; 45c01-1810-gu-000254; 80c01-1610-gu-000025; 71d05-1703-gu-000060; 45d02-1805-gu-000082; 53c01-1603-gu-000029; 53c01-1703-gu-000039; 09c01-1801-gu-000005; 59c01-1911-gu-000094; 50c01-1704-gu-000012
63,Private GAL/CASA Appointed,458,49d08-1901-gu-000871; 49d08-1907-gu-028271; 49d08-1809-gu-037744; 49d08-1906-gu-023074; 49d08-1907-gu-026964; 49d08-1907-gu-029226; 49d08-1903-gu-008951; 49d08-1901-gu-003672; 49d08-1905-gu-018220; 49d08-1810-gu-039598
64,Information Filed,453,45c01-1810-gu-000233; 41d01-2007-gu-000113; 41d01-2001-gu-000008; 41d01-1701-gu-000001; 03d01-1709-gu-005207; 45d11-1810-gu-000247; 41d01-1708-gu-000132; 43d01-1908-gu-000063; 45c01-1808-gu-000169; 45c01-1708-gu-000148
65,Order Approving Final Accounting,445,79c01-2012-gu-000108; 49d08-2007-gu-025846; 49d08-1603-gu-007891; 49d08-1603-gu-009675; 02d03-1811-gu-000302; 02d03-1804-gu-000093; 02d03-1604-gu-000087; 49d08-1604-gu-013406; 49d08-1604-gu-011913; 02d03-1804-gu-000110
66,Certified Mail Returned,405,79c01-1606-gu-000057; 40d01-1609-gu-000034; 49d08-1602-gu-005510; 49d08-1604-gu-011913; 52d01-2002-gu-000006; 49d08-1604-gu-013795; 49d08-1610-gu-036212; 82d04-2009-gu-000420; 79c01-1607-gu-000067; 20d01-1901-gu-000003
67,Video Hearing Information,404,49d08-2003-gu-009837; 49d08-2006-gu-018365; 18c05-1601-gu-000009; 49d08-1705-gu-021388; 49d08-2007-gu-023943; 49d08-2007-gu-022210; 49d08-2001-gu-000430; 49d08-2011-gu-040473; 49d08-2008-gu-028059
68,Motion to Dismiss Filed,402,49d08-1707-gu-029295; 49d06-1904-gu-017473; 49d08-1604-gu-014777; 49d08-2010-gu-036932; 89c01-1908-gu-000097; 31c01-1603-gu-000011; 27d03-1808-gu-000080; 02d03-1803-gu-000075; 62c01-2008-gu-000011; 02d03-2010-gu-000229
69,RJO Entry,400,32d01-1702-gu-000020; 32d01-1805-gu-000046; 02d09-1601-gu-000007; 80c01-1611-gu-000034; 02d02-1604-gu-000079; 32d03-1907-gu-000088; 80c01-1603-gu-000003; 32d01-1901-gu-000007; 32d01-1611-gu-000119; 73c01-1603-gu-000018
70,Case ReOpened,349,41d01-1904-gu-000062; 53c01-1807-gu-000095; 53c01-1808-gu-000113; 53c01-1607-gu-000092; 53c01-1908-gu-000120; 53c01-1811-gu-000158; 53c01-1604-gu-000050; 53c01-1809-gu-000131; 53c01-2009-gu-000111; 53c01-1809-gu-000123
71,Bond Form Filed,330,76c01-1608-gu-000027; 49d08-2001-gu-003206; 02d03-1710-gu-000192; 49d08-1907-gu-028247; 02d03-1903-gu-000056; 49d08-2011-gu-039778; 02d03-2008-gu-000194; 49d08-1909-gu-039569; 49d08-1802-gu-004549; 49d08-2010-gu-036997
72,Service Returned Served (E-Filing),324,49d08-2004-gu-013726; 49d08-2003-gu-011627; 49d08-1904-gu-014789; 49d08-2012-gu-042779; 49d08-2003-gu-011609; 49d08-1902-gu-006310; 49d08-1902-gu-005470; 49d08-1908-gu-034056; 20c01-1901-gu-000015
73,Waiver of Notice Filed,323,45d05-1808-gu-000177; 41d01-2008-gu-000131; 59c01-1703-gu-000014; 08c01-1606-gu-000014; 45d11-1810-gu-000253; 88c01-1703-gu-000011; 32d01-1612-gu-000127; 31c01-1603-gu-000009
74,Order of Dismissal,315,49d08-1606-gu-021955; 49d08-1910-gu-044622; 49d08-1806-gu-024079; 49d08-2001-gu-002481; 20d01-1807-gu-000155; 40c01-1802-gu-000012; 18c01-1803-gu-000031; 49d08-1903-gu-011770; 02d03-2006-gu-000143; 49d08-1905-gu-018310
75,Motion for Appointment Filed,298,49d08-2008-gu-026175; 49d08-1711-gu-042819; 49d08-2008-gu-029092; 49d08-1706-gu-023740; 49d08-1708-gu-032542; 49d08-1712-gu-045005; 49d08-1904-gu-015124; 49d08-1712-gu-044896; 49d08-1706-gu-022793; 49d08-1609-gu-033218
76,Motion to Sell Real Estate Filed,297,33c01-1708-gu-000056; 49d08-1710-gu-037656; 49d08-2011-gu-042024; 20c01-1903-gu-000035; 33c02-1702-gu-000009; 49d08-1708-gu-031882; 79c01-1706-gu-000075; 49d08-1907-gu-030691; 40c01-1606-gu-000020
77,Motion for Hearing Filed,284,22c01-1807-gu-000057; 49d08-1809-gu-035979; 05c01-1805-gu-000007; 20d01-2003-gu-000032; 49d08-1702-gu-005150; 49d08-2004-gu-014954; 71d04-1610-gu-000209; 40c01-1902-gu-000002; 13c01-1612-gu-000025; 22c01-1605-gu-000042
78,Motion for Enlargement of Time Filed,275,02d03-1704-gu-000072; 49d08-2005-gu-015719; 02d03-2004-gu-000096; 49d08-1610-gu-037192; 02d03-2011-gu-000238; 49d08-1909-gu-037402; 49d08-1907-gu-026784; 20d01-1909-gu-000171; 73d01-1809-gu-000061; 49d08-1902-gu-005470
79,Scanned/Microfilmed,270,41d01-1603-gu-000054; 45d11-1808-gu-000185; 45c01-1804-gu-000055; 03c01-1708-gu-004609; 45d11-1808-gu-000179; 45c01-1809-gu-000200; 45c01-1810-gu-000257; 45d11-1901-gu-000021; 18c01-1707-gu-000061; 45d11-1808-gu-000188
80,Order Granting Motion to Sell Real Estate,265,20d01-1810-gu-000233; 02d01-1607-gu-000155; 48c01-1908-gu-000495; 49d08-1705-gu-020694; 49d08-1702-gu-006906; 49d08-2003-gu-010633; 49d08-2006-gu-021479; 02d03-1705-gu-000097; 49d08-1909-gu-039133; 77c01-1812-gu-000043
81,Invalid Email: Automated Paper Notice Issued to Parties,255,20d01-1909-gu-000171; 41d01-1710-gu-000171; 49d08-1608-gu-032156; 49d08-1801-gu-001689; 49d08-1811-gu-046532; 49d08-1603-gu-009994; 49d08-2002-gu-008742; 49d08-1902-gu-004554; 53c01-1905-gu-000061; 49d08-2010-gu-036932
82,Order of Appointment,244,15c01-2004-gu-000014; 18c05-1603-gu-000033; 49d08-1808-gu-030488; 49d08-1905-gu-020139; 72c01-2010-gu-000043; 29d03-1609-gu-000147; 24c01-1912-gu-000803; 49d08-2007-gu-023013; 49d08-1907-gu-028247; 53c01-1808-gu-000109
83,Converted Event,243,52c01-1602-gu-000006; 77c01-1711-gu-000035; 45c01-1709-gu-000154; 34d02-1603-gu-000011; 34d02-1703-gu-000016; 50c01-1602-gu-000014; 50c01-1604-gu-000025; 45d11-1803-gu-000059; 07c01-1912-gu-000038
84,Order Granting Motion for Enlargement of Time,234,02d03-1611-gu-000272; 53c01-1712-gu-000170; 49d08-1805-gu-021255; 49d08-1603-gu-009918; 49d08-2001-gu-000430; 53c01-1712-gu-000169; 49d08-1705-gu-018700; 02d03-1605-gu-000104; 20d01-1810-gu-000233; 49d08-2005-gu-015057
85,Order Approving Report,233,49d08-1906-gu-024504; 43d01-1806-gu-000041; 49d08-1603-gu-009923; 50c01-1703-gu-000009; 53c01-1710-gu-000148; 53c01-1601-gu-000008; 49d08-1603-gu-009858; 49d08-1905-gu-018300; 71d05-1602-gu-000036; 80c01-1603-gu-000003
86,Subpoena/Summons Filed,232,46d01-2004-gu-000037; 49d08-1605-gu-015379; 49d08-1605-gu-016630; 71c01-1610-gu-000222; 13c01-1612-gu-000025; 49d08-1809-gu-036358; 49d08-1909-gu-038575
87,Status Conference,229,79c01-1903-gu-000023; 53c07-1912-gu-000184; 49d08-1612-gu-042974; 45d05-1908-gu-000233; 27d03-2011-gu-000086; 20d01-1609-gu-000123; 45d11-1801-gu-000027; 79c01-2010-gu-000083; 20c01-1606-gu-000068; 20d01-1603-gu-000016
88,Hearing on Rule to Show Cause for Failure to File,229,49d08-1811-gu-044563; 28c01-1808-gu-000032; 82d04-1703-gu-000167; 37c01-1803-gu-000165; 02d03-1901-gu-000013; 82d04-1607-gu-000410; 49d08-1901-gu-000924; 28c01-1801-gu-000002; 55d01-1611-gu-000104; 49d08-1801-gu-000791
89,Order Granting Motion to Dismiss,216,49d08-1606-gu-020109; 49d08-1701-gu-004265; 49d08-1808-gu-034594; 02d09-1606-gu-000128; 02d03-2012-gu-000277; 49d08-1906-gu-023982; 49d08-1712-gu-047464; 89d02-1812-gu-000118; 49d08-1704-gu-013642; 49d08-1609-gu-034264
90,Court Sets Bond,208,02d03-1907-gu-000123; 49d08-1702-gu-007317; 49d08-1606-gu-022613; 02d03-1601-gu-000011; 49d08-1909-gu-036443; 49d08-1803-gu-008798; 49d08-1607-gu-025934; 49d08-2001-gu-002575; 02d09-1705-gu-000096; 49d08-1804-gu-016469
91,Amended Pleading Filed,186,49d08-1710-gu-040353; 20d01-1606-gu-000082; 80c01-1803-gu-000001; 49d08-2003-gu-011752; 49d08-1605-gu-018620; 20d02-1806-gu-000130; 32d01-1802-gu-000017; 22c01-1808-gu-000067; 20d01-1809-gu-000194
92,Objection Filed,185,32d02-1706-gu-000064; 26c01-2009-gu-001024; 80c01-1908-gu-000022; 02d09-1609-gu-000218; 27d03-1604-gu-000013; 32d01-1908-gu-000092; 31c01-1603-gu-000011; 49d08-1902-gu-006605; 73d01-1809-gu-000061; 79c01-1704-gu-000044
93,Motion to Vacate Hearing Filed,176,49d08-2008-gu-027204; 49d08-1905-gu-018310; 20d01-1810-gu-000233; 21d01-1609-gu-000033; 49d08-2005-gu-016216; 49d08-1606-gu-019428; 49d08-1804-gu-016195; 49d08-2011-gu-042027; 49d08-1804-gu-015773
94,Motion for Assessment of Attorney Fees Filed,171,49d08-1608-gu-028487; 49d08-1902-gu-006560; 49d08-2010-gu-036929; 49d08-1610-gu-035266; 53c07-1803-gu-000033; 49d08-2002-gu-005274; 49d08-1906-gu-025473; 49d08-1906-gu-022867; 49d08-1711-gu-042819
95,Transfer Case,168,53c01-1608-gu-000120; 53c01-1710-gu-000148; 53c01-1712-gu-000170; 53c01-1605-gu-000066; 53c01-1804-gu-000055; 53c01-1608-gu-000105; 53c01-1601-gu-000001; 53c01-1601-gu-000008; 53c01-1807-gu-000095; 53c01-1811-gu-000154
96,Order Approving Accounting,167,49d08-1703-gu-010511; 80c01-1908-gu-000023; 79c01-1704-gu-000044; 10c04-1702-gu-000021; 88c01-1607-gu-000036; 49d08-1811-gu-044230; 49d08-1910-gu-042160; 08c01-1609-gu-000029; 49d08-1602-gu-003940; 49d08-1606-gu-019727
97,Order Granting Motion for Assessment of Attorney Fees,165,49d08-1711-gu-043504; 49d08-1707-gu-029661; 64d01-1702-gu-001763; 49d08-1902-gu-005050; 64d01-1703-gu-003136; 18c01-1807-gu-000098; 49d08-1903-gu-008425; 49d08-2003-gu-011752; 64d02-1702-gu-001033
98,Case Transferred In,163,53c01-1711-gu-000150; 53c01-1607-gu-000095; 53c01-1703-gu-000035; 32d02-1706-gu-000064; 53c01-1611-gu-000165; 53c01-1607-gu-000092; 53c01-1711-gu-000162; 53c01-1611-gu-000164; 53c01-1601-gu-000012; 53c01-1702-gu-000022
99,Hearing on Accounting,162,50c01-2003-gu-000017; 79c01-1607-gu-000064; 50c01-2001-gu-000001; 60c01-1706-gu-000014; 02d03-1802-gu-000043; 55d02-1601-gu-000006; 49d08-1906-gu-025868; 73d01-1604-gu-000026; 50c01-1704-gu-000014; 60c01-1607-gu-000016
100,Service Returned Not Served,160,18c01-1808-gu-000109; 37c01-1703-gu-000248; 48c06-1802-gu-000088; 13c01-1709-gu-000018; 82d04-1603-gu-000202; 48c01-1908-gu-000495; 33c01-1610-gu-000057; 48c06-1909-gu-000542; 17c01-1705-gu-000016; 27d03-1611-gu-000082
101,Review Hearing,155,10c01-1708-gu-000126; 27d03-1606-gu-000031; 20d01-1810-gu-000233; 10c01-1604-gu-000060; 27d03-1611-gu-000081; 10c04-1607-gu-000108; 27d03-1602-gu-000009; 10c04-1709-gu-000137; 41d01-1711-gu-000187; 20d01-1811-gu-000246
102,Supplemental Report Filed,146,20d01-1909-gu-000171; 02d03-1609-gu-000230; 49d08-1612-gu-042974; 49d08-1712-gu-046202; 79c01-1908-gu-000086; 49d08-1604-gu-012077; 49d08-2012-gu-043849; 49d08-1707-gu-028972; 49d08-1903-gu-010165; 41d01-1909-gu-000164
103,ENotice Issued to Parties,140,10c01-1603-gu-000039; 18c01-1604-gu-000042; 49d08-1603-gu-008331; 49d08-1602-gu-006420; 27d03-1604-gu-000013; 49d08-1603-gu-009582; 10c04-1603-gu-000037; 49d08-1603-gu-008392; 49d08-1604-gu-013383; 10c01-1603-gu-000049
104,Order to Appear,139,73d01-1607-gu-000043; 50c01-1602-gu-000015; 50c01-1802-gu-000010; 73d01-1706-gu-000031; 46c01-1612-gu-000150; 73d01-1701-gu-000009; 28c01-1704-gu-000014; 80c01-1611-gu-000032; 21d01-1907-gu-000053; 50c01-1601-gu-000010
105,Motion for Appointment of Successor Filed,138,49d08-1601-gu-002011; 79c01-1702-gu-000030; 49d08-1711-gu-042768; 49d08-1606-gu-021955; 02d03-1605-gu-000103; 33c02-1607-gu-000028; 49d08-1609-gu-033218; 40c01-1801-gu-000009; 73c01-1603-gu-000018
106,Response Filed,136,47c01-1802-gu-000017; 80c01-1803-gu-000001; 45c01-1806-gu-000091; 53c01-1703-gu-000041; 49d08-1903-gu-009840; 73d01-1605-gu-000035; 49d08-1710-gu-040353; 45d02-1809-gu-000202; 73d01-1607-gu-000043
107,Certificate of Issuance of Summons,136,73c01-1704-gu-000019; 22c01-1611-gu-000093; 20c01-1811-gu-000257; 22c01-1608-gu-000077; 49d08-2006-gu-021552; 49d08-1708-gu-033032; 49d08-2002-gu-008838; 52c01-2010-gu-000033; 49d08-1706-gu-022467
108,Case Closed,131,45c01-1612-gu-000194; 28c01-2006-gu-000016; 28c01-1705-gu-000018; 28c01-1704-gu-000013; 28c01-1804-gu-000017; 28c01-1709-gu-000043; 45c01-1803-gu-000042; 48c06-1801-gu-000035; 28c01-1709-gu-000045; 28c01-1704-gu-000012
109,Order Granting Motion to Vacate Hearing,124,21d01-1706-gu-000029; 49d08-1806-gu-023035; 49d08-1711-gu-043748; 49d08-1706-gu-023009; 49d08-1901-gu-000924; 49d08-1903-gu-012022; 49d08-1910-gu-042841; 49d08-1809-gu-035979; 49d08-1711-gu-042858; 49d08-2011-gu-041147
110,"For case events, refer to Quest.",124,71j01-1702-gu-000036; 71j01-1609-gu-000186; 71j01-1605-gu-000103; 71j01-1602-gu-000038; 71j01-1610-gu-000211; 71j01-1607-gu-000139; 71j01-1708-gu-000168; 71j01-1608-gu-000173; 71j01-1704-gu-000078
111,Change of Address Filed,116,53c01-1707-gu-000110; 20c01-1807-gu-000151; 02d03-2010-gu-000233; 49d08-1806-gu-021835; 49d08-1809-gu-035979; 49d08-1709-gu-035891; 49d08-1707-gu-027708; 02d03-1706-gu-000118; 50c01-1704-gu-000014
112,Final Judgment entered,112,18c01-2010-gu-000103; 18c01-2006-gu-000059; 18c01-1901-gu-000006; 18c01-2009-gu-000099; 80c01-1803-gu-000001; 18c01-1904-gu-000048; 18c01-1907-gu-000111; 18c01-2006-gu-000072; 18c01-1912-gu-000168; 18c01-2012-gu-000131
113,Surety Bond Entered in Clerk's Office,110,02d03-1810-gu-000274; 02d03-1907-gu-000122; 02d03-1609-gu-000203; 02d09-1604-gu-000067; 02d01-1603-gu-000047; 02d03-2002-gu-000042; 02d02-1609-gu-000211; 02d03-1903-gu-000046; 02d03-1909-gu-000175; 02d03-1704-gu-000072
114,Order Approving Supplemental Report,105,49d08-1909-gu-039095; 49d08-1808-gu-030423; 37c01-1606-gu-000451; 41d01-2012-gu-000179; 79c01-1908-gu-000086; 53c01-1808-gu-000105; 49d08-1702-gu-008052; 79c01-1606-gu-000058; 49d08-2004-gu-014954
115,Case Venued In,104,41d01-1906-gu-000222; 32d01-1709-gu-000109; 32d01-1906-gu-000084; 89d01-1809-gu-000089; 49d08-2002-gu-005647; 46c01-1910-gu-000095; 02d03-1707-gu-000145; 32d01-2010-gu-000087; 49d08-1902-gu-006047; 49d08-2008-gu-027463
116,Order of Rule to Show Cause,98,20d01-1605-gu-000064; 82d04-1610-gu-000587; 69c01-1807-gu-000045; 02d03-2008-gu-000195; 82d04-1604-gu-000242; 02d03-1805-gu-000129; 82d04-1603-gu-000202; 45d11-1712-gu-000061; 02d03-2012-gu-000273
117,Order Denying,95,49d08-1608-gu-029944; 49d08-1908-gu-033436; 49d08-1611-gu-040203; 49d08-1909-gu-037059; 49d08-2007-gu-021865; 49d08-1609-gu-031803; 49d08-1702-gu-006906; 48c01-2008-gu-000370; 24c01-1608-gu-000495; 49d08-1906-gu-022867
118,Order on Hearing,93,17c01-1704-gu-000014; 45d05-2010-gu-000229; 45d05-1701-gu-000001; 45d02-1905-gu-000146; 33c01-1702-gu-000008; 49d08-2012-gu-045061; 36c01-1901-gu-000005; 33c02-1807-gu-000038; 18c01-1912-gu-000168
119,Clerk's Notice to Distributees/Creditors Filed,89,49d08-1605-gu-017081; 49d08-1603-gu-009791; 49d08-1607-gu-024745; 49d08-1604-gu-014883; 49d08-1611-gu-041562; 49d08-1604-gu-011535; 49d08-1607-gu-027027; 49d08-1605-gu-017542; 49d08-1606-gu-021955; 49d08-1603-gu-007913
120,Bench Trial,88,49d08-1902-gu-006605; 02d03-2005-gu-000110; 49d08-1902-gu-005470; 49d08-1910-gu-043388; 49d08-1906-gu-022867; 49d08-1809-gu-036336; 49d08-2006-gu-021479; 20d01-1809-gu-000194; 49d08-1907-gu-028247; 49d08-1912-gu-051467
121,Proof of Publication Filed,88,49d08-1808-gu-030486; 46d01-1912-gu-000111; 49d08-1611-gu-041628; 03c01-1808-gu-004234; 49d08-1909-gu-038671; 49d08-1706-gu-025792; 28c01-1609-gu-000026; 49d08-1911-gu-048621; 31c01-1809-gu-000045
122,Attorney Conference,85,49d08-2001-gu-002912; 02d09-1608-gu-000194; 49d08-2006-gu-018194; 49d08-1907-gu-030349; 02d03-1808-gu-000241; 49d08-1911-gu-046031; 49d08-2007-gu-021865; 49d08-1904-gu-014126; 49d08-1906-gu-022867
123,Order Granting Extension of Guardianship,84,49d08-1904-gu-013870; 49d08-1907-gu-029342; 49d08-2001-gu-002568; 20d01-1902-gu-000029; 49d08-1912-gu-051012; 45c01-1807-gu-000131; 49d08-1810-gu-039416; 49d08-2011-gu-040862; 49d08-2001-gu-002575; 49d08-1912-gu-054150
124,Court Order - Own Motion,80,72c01-2012-gu-000052; 72c01-2006-gu-000025; 20d01-1612-gu-000168; 20d01-1801-gu-000009; 20d01-1608-gu-000117; 20d01-1610-gu-000154; 20d01-1609-gu-000134; 84d02-1804-gu-002531; 20d01-1610-gu-000141; 20d01-1702-gu-000019
125,Inventory and Appraisement or Certificate Filed,79,88c01-1909-gu-000033; 49d08-1608-gu-029517; 49d08-2009-gu-032398; 45d02-1806-gu-000095; 45c01-1805-gu-000061; 18c01-2004-gu-000036; 82d04-1705-gu-000273; 20d01-1912-gu-000201; 21d01-1611-gu-000043
126,Order Granting Motion for Hearing,78,18c01-2011-gu-000118; 15c01-1708-gu-000033; 88c01-1705-gu-000022; 45d02-1905-gu-000146; 45c01-1806-gu-000094; 10c04-1707-gu-000104; 20d01-1701-gu-000009; 45d02-1808-gu-000186; 45d02-1811-gu-000284
127,Hearing on Motion to Terminate Guardianship,77,53c01-1610-gu-000150; 20d01-1806-gu-000115; 49d08-1803-gu-009198; 79c01-1902-gu-000018; 20c01-1805-gu-000083; 20c01-1810-gu-000223; 20c01-1705-gu-000065; 49d08-1806-gu-023230; 49d08-1605-gu-015436
128,Hearing on Report,75,45c01-1802-gu-000030; 45c01-1801-gu-000008; 50c01-2012-gu-000058; 50c01-1611-gu-000052; 45c01-1708-gu-000148; 50c01-1801-gu-000004; 45c01-1707-gu-000121; 50c01-1903-gu-000009
129,Case Venued Out,74,02d03-1710-gu-000194; 49d08-1609-gu-034090; 02d03-1811-gu-000319; 02d03-1911-gu-000222; 84d01-1703-gu-002441; 53c01-1905-gu-000061; 70d01-1907-gu-000010; 49d08-1703-gu-009805; 41d01-1910-gu-000184; 22c01-1908-gu-000073
130,Motion to Sell Personal Property Filed,72,53c01-1605-gu-000070; 31c01-1610-gu-000045; 53c01-1904-gu-000055; 49d08-2009-gu-031048; 49d08-1705-gu-018700; 02d03-2002-gu-000022; 49d08-1902-gu-006633; 53c01-2002-gu-000026; 53c01-1603-gu-000047
131,Agreement of Parties Filed,71,22c01-1704-gu-000036; 02d03-2006-gu-000133; 49d08-1608-gu-027513; 32d01-2012-gu-000115; 34d02-1810-gu-000072; 49d08-1911-gu-047943; 31c01-1604-gu-000015; 34d02-1810-gu-000071; 45d02-1809-gu-000202; 49d08-1602-gu-007078
132,Hearing on Final Accounting,71,49d08-1609-gu-033355; 31c01-1706-gu-000033; 20d01-1807-gu-000155; 20d01-1907-gu-000138; 49d08-1611-gu-040825; 45d02-1810-gu-000262; 20d01-1605-gu-000064; 49d08-1702-gu-006919; 20d01-2008-gu-000100; 20d01-1810-gu-000233
133,Interim Accounting Filed,69,49d08-1706-gu-023009; 53c01-2009-gu-000108; 53c01-2012-gu-000158; 53c01-2007-gu-000089; 53c01-1601-gu-000011; 80c01-1604-gu-000011; 53c01-2006-gu-000063; 53c01-1810-gu-000133; 53c01-1702-gu-000026
134,Claim Filed,68,08c01-1610-gu-000032; 02d03-1810-gu-000273; 49d08-1806-gu-023035; 49d08-1901-gu-000921; 03d01-1703-gu-001899; 88c01-1705-gu-000022; 89c01-1810-gu-000102; 49d08-1907-gu-028247; 20d01-1902-gu-000029; 28c01-1711-gu-000054
135,Notification of Compliance,67,49d08-2007-gu-023871; 33c02-1603-gu-000016; 49d08-2011-gu-038974; 73d01-1809-gu-000061; 49d08-1906-gu-022226; 49d08-2010-gu-036879; 49d08-2010-gu-036121; 49d08-1605-gu-018488; 32d01-1802-gu-000017
136,Order Granting Motion to Sell Personal Property,66,49d08-1907-gu-028182; 49d08-2006-gu-018194; 53c07-1803-gu-000033; 49d08-1604-gu-012077; 49d08-1702-gu-008052; 02d03-2001-gu-000014; 80c01-1908-gu-000023; 02d01-1609-gu-000217; 31c01-1610-gu-000045
137,Motion for Instructions Filed,66,45d02-1809-gu-000202; 41d01-1912-gu-000216; 41d01-1906-gu-000222; 45c01-1810-gu-000256; 45d05-1905-gu-000138; 62c01-1905-gu-000008; 45d11-2004-gu-000084; 45d05-1903-gu-000090; 07c01-2012-gu-000022
138,Order Granting Motion for Appointment Successor,63,27d03-1605-gu-000024; 02d03-1609-gu-000230; 33c01-1701-gu-000001; 25c01-7810-gu-000019; 49d08-1711-gu-042768; 02d03-1812-gu-000330; 40c01-1801-gu-000009; 53c01-1807-gu-000101; 49d08-1906-gu-022867
139,Witness and/or Exhibit List Filed,61,49d08-2007-gu-021865; 36c01-1901-gu-000005; 45d02-1809-gu-000202; 49d08-1706-gu-025792; 49d08-1703-gu-009106; 49d08-1605-gu-018857; 29d03-2005-gu-000085; 49d08-1906-gu-022867
140,Letters Testamentary Issued,54,49d08-1701-gu-002486; 79c01-1612-gu-000121; 22c01-1710-gu-000097; 24c01-1912-gu-000803; 28c01-1903-gu-000010; 41d01-1610-gu-000159; 37c01-1612-gu-000982; 22c01-1802-gu-000015; 82d04-2009-gu-000420; 49d08-1703-gu-009764
141,Court Reviews Magistrate's Findings; Court Approves,52,49d08-1809-gu-038559; 49d08-1811-gu-044763; 49d08-1809-gu-037744; 49d08-1810-gu-041103; 49d08-1812-gu-048984; 49d08-1810-gu-039760; 49d08-1808-gu-032540; 49d08-1807-gu-026490; 49d08-1905-gu-019102
142,Hearing on Motion for 41(E) Dismissal,52,34d04-1812-gu-000098; 49d08-2009-gu-031626; 49d08-1908-gu-033436; 49d08-2006-gu-020456; 46c01-2001-gu-000001; 49d08-2012-gu-043602; 49d08-1910-gu-042841; 02d03-1910-gu-000203; 50c01-1710-gu-000032
143,Letter of Administration Issued (supervised or unsupervised),50,02d02-1611-gu-000255; 02d03-1802-gu-000043; 45d05-1905-gu-000151; 02d03-1805-gu-000117; 02d03-1701-gu-000010; 71d07-1703-gu-000059; 02d03-1905-gu-000090; 02d03-1809-gu-000262; 02d09-1606-gu-000120
144,Hearing on Motion for Rule to Show Cause,49,55d01-1706-gu-000059; 47c01-1805-gu-000036; 20d01-1902-gu-000029; 55d01-1805-gu-000041; 55d02-1601-gu-000006; 05d01-1810-gu-000012; 08c01-1608-gu-000022; 34d02-1811-gu-000085; 49d08-1904-gu-016506; 24c01-1811-gu-000845
145,Motion to Intervene Filed,49,02d03-2005-gu-000113; 49d08-1805-gu-016836; 49d08-1605-gu-018488; 80c01-1803-gu-000001; 49d08-2010-gu-035997; 49d08-1910-gu-041741; 10c04-1607-gu-000108
146,Affidavit in Support of Attorney fees,48,26c01-2009-gu-001024; 18c01-1807-gu-000098; 27d03-1604-gu-000013; 20d01-2009-gu-000118; 54d01-1806-gu-000022; 49d08-1602-gu-004556; 20d01-2010-gu-000154; 27d03-1805-gu-000048; 37c01-1611-gu-000839
147,Notice of Substitution of Counsel,47,02d03-2001-gu-000014; 20d01-1710-gu-000135; 49d08-1911-gu-048011; 79c01-1701-gu-000010; 49d08-2007-gu-021928; 20d01-1903-gu-000055; 20d01-1606-gu-000082; 20d01-1603-gu-000027; 73d01-1604-gu-000026
148,Order Denying Petition to Establish Guardianship,47,73c01-1801-gu-000002; 41d01-1909-gu-000171; 22c01-1803-gu-000024; 49d08-2008-gu-028649; 18c01-1705-gu-000045; 10c01-2012-gu-000120; 49d08-2011-gu-041256; 72c01-2012-gu-000053; 60c01-2005-gu-000008
149,Pretrial Conference,46,18c01-2011-gu-000118; 10c01-1603-gu-000039; 49d08-1704-gu-013845; 30c01-1607-gu-000049; 02d03-2006-gu-000138; 02d03-1706-gu-000127; 49d08-2007-gu-021865; 33c02-1610-gu-000059; 55d02-1601-gu-000006
150,Order Granting Motion for Appointment,46,82d04-1609-gu-000496; 15c01-1704-gu-000013; 45d05-1907-gu-000189; 42c01-1701-gu-000003; 89d02-1809-gu-000085; 59c01-1706-gu-000034; 18c01-1906-gu-000079; 18c01-1906-gu-000085; 37c01-1608-gu-000643
151,Order Granting Agreement of Parties,45,22c01-1704-gu-000034; 49d08-1706-gu-023009; 20d01-1901-gu-000013; 33c01-1908-gu-000048; 33c01-1906-gu-000032; 34d02-1810-gu-000072; 31c01-1911-gu-000038; 49d08-1712-gu-044650
152,Telephonic Communication with Party,44,10c01-1904-gu-000051; 88c01-1610-gu-000061; 53c01-2002-gu-000022; 34c01-1902-gu-000017; 53c01-1711-gu-000150; 53c01-2009-gu-000111; 28c01-1703-gu-000007; 28c01-1605-gu-000013; 88c01-1907-gu-000028
153,Change of Venue - Historical records copied,41,36c01-1908-gu-000050; 14c01-1701-gu-000004; 26c01-2009-gu-001024; 41d01-1911-gu-000208; 49d08-2003-gu-009837; 32d01-2002-gu-000018; 60c01-1903-gu-000010; 47c01-1905-gu-000029; 02d03-2003-gu-000062; 49d08-2007-gu-023777
154,Motion for Transfer of Case Filed,40,20d01-1612-gu-000168; 41d01-1911-gu-000208; 49d08-1711-gu-041172; 49d08-1907-gu-028194; 32d01-2001-gu-000015; 10c04-1707-gu-000113; 49d08-1811-gu-043845; 49d08-1910-gu-042160; 53c01-1911-gu-000167
155,Guardian Report Due,40,21d01-1710-gu-000044; 45d05-1808-gu-000183; 27d03-1610-gu-000075; 27d03-1807-gu-000066; 27d03-1809-gu-000091; 27d03-1610-gu-000073; 27d03-1804-gu-000028; 27d03-1807-gu-000068
156,Report of Sale of Real Estate Filed,40,49d08-1706-gu-025792; 02d03-1904-gu-000060; 49d08-1905-gu-021266; 84d01-1706-gu-004754; 49d08-1801-gu-003306; 79c01-1706-gu-000075; 49d08-1703-gu-012404
157,Motion for Change of Venue Filed,38,47c01-1905-gu-000029; 49d08-1703-gu-009805; 49d08-1808-gu-033222; 32d01-1906-gu-000084; 49d08-1912-gu-051883; 20c01-2007-gu-000092; 64d01-1905-gu-004978; 52d01-1604-gu-000003
158,Hearing on Motion for 41E Dismissal,38,18c01-1606-gu-000060; 03c01-1709-gu-005029; 02d03-1901-gu-000014; 49d08-1609-gu-031803; 49d08-1701-gu-004006; 27d03-1803-gu-000025; 49d08-1804-gu-012699; 53c07-1710-gu-000144; 02d03-1802-gu-000047
159,Petition for Appointment of Personal Representative Filed,37,41d01-1909-gu-000175; 02d03-1804-gu-000106; 41d01-1812-gu-000221; 02d03-1809-gu-000256; 49d08-1701-gu-002976; 02d03-1905-gu-000083; 41d01-1903-gu-000048; 02d03-1810-gu-000288
160,Motion to Remove Guardian Filed,36,49d08-1607-gu-025134; 49d08-2008-gu-028430; 41c01-1802-gu-000034; 49d08-1611-gu-040162; 52d01-1604-gu-000003; 82d04-1611-gu-000601; 20d01-1809-gu-000194; 36c01-1901-gu-000005
161,Praecipe for Service By Publication,35,40c01-1802-gu-000013; 49d08-1909-gu-038671; 03c01-1808-gu-004234; 55d01-1608-gu-000077; 88c01-1703-gu-000011; 49d08-1811-gu-047269; 49d08-1912-gu-050450; 49d08-1710-gu-037521
162,Stipulation Filed,34,79c01-1701-gu-000010; 27d01-1604-gu-000015; 02d03-1904-gu-000064; 02d03-1605-gu-000104; 02d03-2002-gu-000047; 77d01-1902-gu-000001; 02d03-1812-gu-000345; 20c01-2002-gu-000026; 20c01-1901-gu-000014
163,Order Granting Motion for Change of Venue,34,53c01-2011-gu-000133; 20c01-2007-gu-000092; 32d01-1906-gu-000084; 49d08-1912-gu-051883; 49d08-1609-gu-034090; 77c01-1805-gu-000023; 49d08-1611-gu-042179; 52d01-1604-gu-000003; 49d08-1703-gu-009805
164,Memorandum/Brief Filed,34,49d08-2006-gu-018365; 05c01-1904-gu-000009; 20d01-1702-gu-000019; 26c01-2009-gu-001024; 32d02-1706-gu-000064; 88c01-1607-gu-000043; 20d01-1901-gu-000008
165,Case File Destroyed,33,52d02-1711-gu-000011; 03d02-1612-gu-006626; 52c01-1808-gu-000013; 52c01-1612-gu-000021; 52c01-1703-gu-000003; 52d01-1602-gu-000001; 52d02-1604-gu-000002; 03d01-1701-gu-000261
166,Order for Transfer of Case,33,49d08-2008-gu-027463; 41d01-1902-gu-000029; 05d01-1810-gu-000012; 64d02-1702-gu-001450; 55d02-1605-gu-000043; 89d02-1810-gu-000092; 37c01-1705-gu-000491; 65d01-1905-gu-000014
167,Order Granting Motion to Intervene,33,09c01-1712-gu-000055; 76c01-1807-gu-000025; 20d01-1810-gu-000222; 49d08-1905-gu-018915; 10c04-1607-gu-000108; 49d08-0606-gu-022989; 49d08-1611-gu-040162; 76c01-1807-gu-000026; 49d08-1602-gu-005294
168,Hearing on Motion to Appoint,33,89d02-1812-gu-000109; 54d01-1901-gu-000001; 20d01-1804-gu-000064; 41c01-1604-gu-000063; 02d03-1903-gu-000055; 49d08-1711-gu-042768; 84d02-1701-gu-000055; 48c01-1908-gu-000445; 82d04-1611-gu-000608
169,Hearing on Motion for Allowance of Fees,32,49d08-1609-gu-033355; 49d08-1707-gu-027080; 49d08-1804-gu-016195; 49d08-1802-gu-008312; 79c01-1606-gu-000057; 37d01-1708-gu-000697; 03c01-1703-gu-001546; 49d08-1706-gu-023009; 49d08-1607-gu-023981
170,Petition for Extension of Temporary Guardianship,32,45c01-1809-gu-000215; 49d08-2001-gu-000430; 49d08-2006-gu-018194; 79c01-1902-gu-000015; 49d08-2011-gu-040862; 79c01-1905-gu-000049; 49d08-1906-gu-023074
171,Order Granting Motion for Transfer of Case,32,49d08-2012-gu-045061; 45c01-1806-gu-000094; 09c01-1902-gu-000010; 49d08-1909-gu-038890; 49d08-1806-gu-024303; 49d08-1711-gu-041172; 33c01-1909-gu-000058
172,Motion To Compel,32,37c01-1705-gu-000491; 20c01-1809-gu-000197; 22c01-1803-gu-000024; 49d08-1902-gu-005322; 18c01-1811-gu-000140; 73d01-1605-gu-000036; 32d02-1706-gu-000064
173,Motion to Reconsider,32,28c01-1706-gu-000026; 80c01-1904-gu-000007; 45d02-1905-gu-000146; 53c01-1804-gu-000054; 49d08-2009-gu-031048; 88c01-1607-gu-000043; 49d08-1801-gu-003308; 79c01-2010-gu-000083; 84d03-1701-gu-000013
174,Order Granting Motion to Compromise and Settle Claim,32,49d08-1612-gu-045108; 50c01-1609-gu-000045; 20c01-1810-gu-000234; 49d08-1812-gu-050367; 02d03-2008-gu-000188; 49d08-1609-gu-033218; 28c01-1801-gu-000002; 49d08-1705-gu-020694; 49d08-1702-gu-006000
175,Order Denying Motion for Continuance,32,49d08-1703-gu-011792; 79c01-2010-gu-000083; 45d02-1905-gu-000146; 49d08-1806-gu-022531; 49d08-1912-gu-050075; 49d08-1610-gu-038294; 09c01-1608-gu-000044; 49d08-1707-gu-029661; 49d08-1711-gu-041172
176,Notice of Resident Agent Filed,32,49d08-1701-gu-001868; 20d01-1909-gu-000171; 49d08-1804-gu-015773; 49d08-2006-gu-019469; 22c01-1707-gu-000065; 22c01-1803-gu-000025; 22c01-1612-gu-000109; 49d08-1805-gu-018178
177,Case Created in Error/Closed,31,13c01-1703-gu-000005; 45d05-2001-gu-000033; 92c01-1707-gu-000020; 73c01-1907-gu-000071; 47c01-1706-gu-000008; 18c01-1611-gu-000120; 49d08-1611-gu-040956; 49d08-2010-gu-034995
178,Motion for Leave to Amend Filed,31,73c01-1703-gu-000015; 49d08-1901-gu-001314; 20d01-1809-gu-000194; 49d08-2006-gu-019469; 49d08-1704-gu-013845; 20d01-1809-gu-000206; 49d08-1906-gu-022867; 53c01-1803-gu-000036; 49d08-1604-gu-012417
179,Counter-Petition Filed,30,49d08-1706-gu-024448; 64d01-1703-gu-002777; 64d02-1702-gu-001601; 28c01-1706-gu-000026; 45c01-1804-gu-000055; 45c01-1805-gu-000075; 49d08-1811-gu-045504; 49d08-1903-gu-009840; 32d01-1709-gu-000109; 49d08-1602-gu-007436
180,Motion for Rule to Show Cause Filed,30,31c01-1603-gu-000011; 05c01-1904-gu-000009; 20d01-1809-gu-000194; 49d08-2006-gu-019469; 43d01-1905-gu-000030; 20c01-1809-gu-000197; 33c01-1907-gu-000043; 20d01-1902-gu-000029; 49d08-1707-gu-029582; 22c01-1807-gu-000057
181,Motion to Strike Filed,29,32d02-1706-gu-000064; 49d08-1611-gu-040162; 49d08-1809-gu-035864; 15c01-1707-gu-000030; 49d08-1609-gu-033355; 32d01-1709-gu-000122; 49d08-1711-gu-044259; 79c01-1606-gu-000058; 02d03-1605-gu-000104
182,Proposed Findings of Fact and Conclusions,29,33c01-1709-gu-000064; 52c01-1808-gu-000013; 49d08-1906-gu-022867; 49d08-2007-gu-021865; 08c01-1610-gu-000032; 53c01-1703-gu-000033; 49d08-2001-gu-002912
183,Evidentiary Hearing,29,82d04-1611-gu-000601; 27d03-1604-gu-000014; 20d01-1604-gu-000038; 20d01-1809-gu-000194; 27d03-1604-gu-000013; 20c01-1903-gu-000035; 20c01-2003-gu-000029; 20d02-1601-gu-000002
184,Subpoena/Summons Issued,28,62c01-1803-gu-000003; 50c01-1704-gu-000012; 59c01-1710-gu-000055; 46c01-2012-gu-000146; 49d08-1710-gu-040650; 53c01-1606-gu-000082; 22c01-1612-gu-000111; 22c01-1603-gu-000025
185,Response to a Petition Filed,28,47c01-1805-gu-000036; 45d02-1809-gu-000202; 49d08-1906-gu-022867; 73d01-1605-gu-000035; 49d08-1704-gu-013845; 53c01-1804-gu-000054
186,Accounting Notification Sent to Guardian,28,49d08-1810-gu-040124; 49d08-1907-gu-028182; 20d01-1702-gu-000017; 20d01-1912-gu-000201; 20d01-1908-gu-000163
187,Order of Continuance by Court,27,24c01-1603-gu-000157; 37c01-1608-gu-000646; 50c01-2002-gu-000005; 91c01-2003-gu-000006; 24c01-2009-gu-000519; 69c01-1804-gu-000022; 24c01-1802-gu-000101
188,Answer Filed,27,26c01-2009-gu-001024; 49d08-1906-gu-022867; 49d08-1602-gu-005294; 45d02-1905-gu-000146; 80c01-1803-gu-000001; 45d02-1809-gu-000202; 64d01-1703-gu-003136
189,Order Submitted,27,29d01-1611-gu-000193; 89d01-1809-gu-000089; 43d01-2002-gu-000006; 29d01-1804-gu-000069; 29d01-1607-gu-000122; 42c01-1603-gu-000022; 42c01-1608-gu-000049
190,Receipt of Venue,27,41d01-1605-gu-000082; 41d01-1911-gu-000195; 64d01-1703-gu-003136; 70d01-1907-gu-000010; 46c01-1910-gu-000095; 03d01-1706-gu-003466; 49d08-2012-gu-045061
191,Telephonic Attorney Conference,27,32d01-1709-gu-000109; 77c01-1805-gu-000023; 45d02-1809-gu-000202; 80c01-1904-gu-000007; 80c01-1908-gu-000022; 32d02-1706-gu-000064; 45d02-1905-gu-000146; 45d05-2010-gu-000229
192,Order Approving Report of Sale of Real Estate,27,28c01-1707-gu-000029; 41d01-1705-gu-000067; 46d01-1912-gu-000111; 40c01-1606-gu-000020; 41d01-1902-gu-000023; 76c01-1608-gu-000028; 88c01-1605-gu-000029; 18c01-2009-gu-000096
193,Motion to Compromise and Settle Claim Filed,26,49d08-2007-gu-025710; 49d08-1609-gu-033218; 49d08-1608-gu-027513; 33c02-1606-gu-000025; 49d08-1705-gu-020694; 50c01-1609-gu-000045; 33c01-1908-gu-000047; 82d04-1604-gu-000222; 49d08-1803-gu-011480
194,Order Granting Motion to Release Funds,26,49d08-1809-gu-035718; 49d08-1710-gu-040353; 53c07-1807-gu-000093; 45c01-1807-gu-000136; 45c01-1809-gu-000221; 49d08-2012-gu-045040; 49d08-1901-gu-000924; 49d08-1602-gu-005113
195,Motion to Correct Error Filed,24,49d08-1602-gu-004556; 33c01-1701-gu-000001; 05c01-1805-gu-000007; 49d08-1603-gu-010254; 54d01-1806-gu-000021; 80c01-1904-gu-000007; 27d03-1604-gu-000013
196,Physician's Emergency Statement Filed,24,02d03-1706-gu-000122; 49d08-1909-gu-039527; 49d08-1908-gu-032825; 82d04-1604-gu-000238; 49d08-1909-gu-038556; 02d03-1711-gu-000251; 65c01-2008-gu-000015; 41d01-1901-gu-000006; 53c01-1803-gu-000042
197,Motion to Release Funds Filed,23,49d08-1807-gu-026581; 53c01-1903-gu-000028; 49d08-1804-gu-016195; 49d08-1909-gu-039569; 49d08-1809-gu-035718; 49d08-1602-gu-005113; 05d01-1810-gu-000012; 49d08-1602-gu-007436; 49d08-1806-gu-024699
198,Hearing on Motion to Remove Guardian,22,37c01-1705-gu-000491; 49d08-1602-gu-005939; 80c01-1611-gu-000032; 49d08-1611-gu-040162; 27d03-1812-gu-000121; 20d01-1809-gu-000194; 29d01-1804-gu-000069; 14c01-1701-gu-000004
199,Motion to Substitute Party,22,73d01-1605-gu-000036; 73d01-1605-gu-000035; 45d05-1910-gu-000295; 49d08-1602-gu-006558; 02d03-1802-gu-000043; 82d04-1608-gu-000424; 82d04-1609-gu-000532; 82d04-1604-gu-000220; 84d03-1612-gu-009045
200,Magistrate Submits Findings and Recommendations To The Court,20,49d08-1809-gu-037744; 49d08-1808-gu-031765; 49d08-1809-gu-038559; 49d08-1711-gu-043504; 49d08-1808-gu-031727; 49d08-1809-gu-039026; 49d08-1906-gu-023353
201,Order Approving Interim Accounting,19,49d08-1710-gu-040353; 49d08-1906-gu-026162; 22c01-1605-gu-000039; 49d08-1601-gu-003468; 49d08-1706-gu-023009; 49d08-1602-gu-006337; 80c01-1604-gu-000011
202,Petition to Revoke Filed,19,49d06-1904-gu-017473; 49d08-1704-gu-013845; 49d08-1806-gu-022531; 49d05-1904-gu-017471; 49d08-1802-gu-005261; 49d08-2006-gu-018194; 49d08-1804-gu-013642
203,Court Scheduling Order,19,89d01-1812-gu-000117; 89d01-1908-gu-000098; 89d01-1811-gu-000105; 30c01-1610-gu-000078; 89d01-1809-gu-000083; 89d01-1909-gu-000110; 89d01-1809-gu-000089; 89d01-1806-gu-000057
204,Mediation Status Report Filed,18,36c01-1901-gu-000005; 49d08-1704-gu-013845; 49d08-2001-gu-002912; 29d01-1607-gu-000122; 18c01-1912-gu-000168; 53c07-1907-gu-000096; 65d01-1905-gu-000014; 49d08-2003-gu-012824
205,Complaint/Equivalent Pleading Filed,18,45d02-1807-gu-000138; 41d01-1808-gu-000140; 31c01-1610-gu-000044; 60c01-1706-gu-000014; 31c01-1610-gu-000045; 32d01-1612-gu-000132; 45d02-1905-gu-000146; 49d08-1706-gu-023236
206,Request for Interpreter Filed,17,49d08-2008-gu-026319; 49d08-1901-gu-001267; 49d08-1904-gu-014335; 49d08-1806-gu-023899; 49d08-1803-gu-009082; 49d08-1811-gu-047486; 49d08-1901-gu-002500; 49d08-1708-gu-030284
207,Petition to Abandon Real Estate,17,53c01-1808-gu-000105; 84d03-1612-gu-008431; 49d08-1703-gu-011239; 49d08-1707-gu-029661; 49d08-1602-gu-006558; 49d08-1904-gu-016902; 41d01-1809-gu-000155; 49d08-1604-gu-014428
208,The Guardianship Registry Record was not created in INcite,16,06d01-1711-gu-000048; 45d02-1805-gu-000071; 06d01-1706-gu-000027; 49d08-1611-gu-040922; 54d02-2006-gu-000019; 18c01-1705-gu-000044
209,Application for Emergency Detention of Mentally Ill,16,49d08-1909-gu-036443; 49d08-1908-gu-032825; 49d08-1907-gu-026784; 49d08-1904-gu-017054; 49d08-1908-gu-032734; 49d08-1706-gu-023009; 02d03-2006-gu-000119
210,Motion to Modify Filed,16,24c01-1603-gu-000157; 49d08-1706-gu-023009; 49d08-2002-gu-005274; 49d08-1709-gu-034919; 49d08-1808-gu-032625; 49d08-1912-gu-051467
211,Special Judge Assumes Jurisdiction,16,30d01-1909-gu-000055; 88c01-0109-gu-000025; 24c01-1811-gu-000845; 49d04-1605-gu-015747; 53c07-1907-gu-000096; 08c01-1609-gu-000028; 09c01-1712-gu-000055
212,Proof of Restricted Account Filed,16,49d08-2002-gu-005274; 02d03-1904-gu-000066; 45c01-2003-gu-000074; 02d03-1807-gu-000187; 45c01-1808-gu-000170; 49d08-1602-gu-007436; 02d03-1905-gu-000085; 02d03-1711-gu-000242; 49d08-1710-gu-040353
213,Release Filed,16,49d08-1606-gu-022613; 02d09-1608-gu-000194; 71d07-1610-gu-000214; 54d01-1809-gu-000044; 49d08-1907-gu-026964; 52c01-1808-gu-000013
214,Final PreTrial Conference,16,02d03-1805-gu-000132; 02d03-1803-gu-000075; 49d08-1710-gu-037656; 02d03-1601-gu-000011; 02d03-1807-gu-000198; 02d03-1903-gu-000056
215,Motion for Nunc Pro Tunc Entry Filed,15,53c01-1709-gu-000139; 32d01-2001-gu-000015; 10c01-1709-gu-000131; 49d08-1812-gu-049281; 46d01-1904-gu-000037; 76c01-1807-gu-000025; 76c01-1807-gu-000026
216,Waiver of Final Hearing Filed,15,37c01-1610-gu-000786; 64d01-1704-gu-003752; 32d01-1804-gu-000033; 32d01-1711-gu-000147; 34d01-1811-gu-000087; 53c01-1909-gu-000132; 41d01-2008-gu-000131
217,Notice,15,22c01-1605-gu-000046; 22c01-1703-gu-000019; 79c01-1904-gu-000033; 22c01-1603-gu-000019; 22c01-1609-gu-000084; 47c01-1709-gu-000082; 49d08-1710-gu-039061; 23c01-1705-gu-000014
218,Judge Assumes Jurisdiction,15,41d01-1708-gu-000131; 41d01-1708-gu-000130; 26c01-2009-gu-001024; 02d03-2003-gu-000062; 41d01-1708-gu-000132; 41d01-2010-gu-000144
219,Motion to Quash Filed,15,52c01-1808-gu-000013; 24c02-1909-gu-000646; 65d01-1905-gu-000014; 49d08-1706-gu-025792; 20c01-1809-gu-000197; 13c01-1612-gu-000025; 32d02-1706-gu-000064; 49d08-1602-gu-007436; 49d08-1903-gu-009840
220,Order to Strike,14,49d08-1806-gu-025047; 15c01-1707-gu-000030; 49d08-1806-gu-024079; 49d08-1706-gu-025792; 49d08-1711-gu-042819; 49d08-1807-gu-026839
221,Order of 41E Dismissal,13,71d05-1608-gu-000164; 55d01-1610-gu-000100; 27d03-1608-gu-000050; 71d05-1703-gu-000060; 20d01-1608-gu-000115; 37c01-1802-gu-000134; 71d05-1608-gu-000163
222,Temporary Appearance Filed,13,10c01-1712-gu-000187; 45c01-1802-gu-000026; 49d08-1809-gu-036451; 49d08-1706-gu-023236; 73d01-1605-gu-000035; 26c01-2009-gu-001024
223,Notice of Completion of Clerk's Record,13,13c01-1612-gu-000025; 26c01-2009-gu-001024; 49d04-1605-gu-015747; 02d01-1608-gu-000193; 37c01-1705-gu-000491; 08c01-1610-gu-000032; 49d08-2009-gu-033922
224,Clerk Releases Bond Per Order,13,02d03-1804-gu-000110; 02d03-1705-gu-000097; 02d03-1712-gu-000255; 02d03-1904-gu-000068; 02d03-1806-gu-000158; 02d03-1807-gu-000174; 02d03-1710-gu-000192
225,Hearing on Motion to Withdraw Appearance,13,82d04-1705-gu-000273; 49d08-1602-gu-005113; 20d01-1902-gu-000029; 27d03-1810-gu-000105; 71d04-1610-gu-000209; 79c01-1704-gu-000044; 79c01-1610-gu-000103
226,"Findings of Fact, Conclusions and Order",13,33c01-1801-gu-000004; 13c01-1612-gu-000025; 33c01-1801-gu-000005; 33c01-1709-gu-000064; 33c01-1909-gu-000055; 33c02-1612-gu-000066
227,Motion to Compel Discovery Filed,12,02d03-2006-gu-000133; 49d08-1904-gu-014126; 49d08-1701-gu-002963; 45d02-1809-gu-000202; 82d04-1602-gu-000068; 49d08-1612-gu-044261; 18c01-1811-gu-000140; 33c01-1907-gu-000043; 20d01-1902-gu-000029
228,Motion for Final Hearing,12,49d08-1906-gu-025741; 49d08-1702-gu-006582; 49d08-1908-gu-032347; 49d08-1902-gu-006605; 49d08-1612-gu-043907; 49d08-1702-gu-006906
229,Special Judge Assigned,12,08c01-1906-gu-000011; 08c01-1705-gu-000008; 72c01-2012-gu-000052; 77c01-1805-gu-000023; 88c01-0109-gu-000025; 30d01-1909-gu-000055; 65c01-1703-gu-000005; 02d03-1904-gu-000065
230,Motion to Terminate Appointment,12,22c01-1701-gu-000008; 64d02-1705-gu-005139; 20d01-1805-gu-000079; 33c01-1609-gu-000053; 72c01-2012-gu-000054
231,Motion for Change of Judge Filed,12,26c01-2009-gu-001024; 49d05-1904-gu-017471; 13c01-1612-gu-000025; 53c01-1804-gu-000054; 77c01-1805-gu-000023; 65c01-1703-gu-000005
232,Motion to Consolidate Filed,12,53c01-2006-gu-000066; 49d08-2007-gu-024495; 10c01-1608-gu-000124; 80c01-1904-gu-000007; 49d08-1603-gu-008392; 49d08-1701-gu-002963; 53c07-1803-gu-000033
233,Notice of Appeal Received,12,45d02-1807-gu-000138; 02d01-1608-gu-000193; 49d08-1906-gu-022867; 13c01-1612-gu-000025; 49d04-1605-gu-015747; 06d01-1906-gu-000030
234,Miscellaneous Motions,11,49d08-1612-gu-044102; 45d02-1809-gu-000202; 50c01-1611-gu-000053; 50c01-1604-gu-000025; 50c01-1704-gu-000012
235,Status Hearing,11,45d05-1708-gu-000015; 45d05-1812-gu-000307; 45d05-2008-gu-000175; 49d08-1605-gu-018620; 45d05-2008-gu-000190; 45d05-2002-gu-000060
236,Last Will and Testament Filed,10,53c01-1808-gu-000107; 27d03-1609-gu-000061; 49d08-1605-gu-018857; 33c02-1612-gu-000066; 49d08-1707-gu-028972; 49d08-2007-gu-021928; 18c01-1810-gu-000136
237,Order Granting Motion for Change of Judge,10,49d08-1906-gu-022867; 55d03-1903-gu-000017; 49d04-1605-gu-015747; 49d05-1904-gu-017471; 65c01-1703-gu-000005; 88c01-1607-gu-000043; 77c01-1805-gu-000023
238,Order Granting Motion to Remove Guardian,10,10c01-1612-gu-000191; 49d08-1804-gu-013870; 41d01-1909-gu-000175; 49d08-1607-gu-025134; 76c01-1602-gu-000009
239,Transport Order Entered,9,41d01-1912-gu-000221; 21d01-1603-gu-000007; 76c01-1703-gu-000011; 48c03-1909-gu-000544; 21d01-1904-gu-000015
240,Compliance Hearing,9,27d03-1906-gu-000050; 20d01-1609-gu-000127; 82d04-1603-gu-000202; 84d02-1705-gu-003547; 20c01-2010-gu-000137; 49d08-1605-gu-018488
241,Notice of Transcript Filed,9,08c01-1610-gu-000032; 49d08-1906-gu-022867; 27d03-1604-gu-000013; 45d02-1905-gu-000146; 13c01-1612-gu-000025; 26c01-2009-gu-001024
242,Order Granting Motion to Compel Discovery,9,18c01-1811-gu-000140; 55d02-1601-gu-000006; 82d04-1602-gu-000067; 20d01-1902-gu-000029; 49d08-1705-gu-020694; 82d04-1602-gu-000068
243,Order Granting Motion to Correct Error,9,46d01-1901-gu-000004; 49d08-1708-gu-031445; 64d01-1705-gu-004711; 49d08-1603-gu-010254; 49d08-1710-gu-040353; 49d08-1710-gu-040348
244,Opinion - Memorandum Received from the Court of Appeals,9,13c01-1612-gu-000025; 49d08-1807-gu-026889; 20d01-1811-gu-000246; 08c01-1610-gu-000032; 37c01-1705-gu-000491
245,Request for Production,9,73d01-1809-gu-000061; 20d01-1811-gu-000246; 54d01-1801-gu-000003; 13c01-1612-gu-000025; 49d08-1909-gu-040535; 31c01-1901-gu-000001
246,Praecipe for Transcript Filed,8,49d08-1612-gu-044619; 47c01-1805-gu-000036; 82d04-1704-gu-000216; 31c01-1610-gu-000044; 13c01-1612-gu-000025; 73d01-1605-gu-000035; 29d01-1804-gu-000069
247,Order Granting Motion for Nunc Pro Tunc Entry,8,49d08-1905-gu-019102; 76c01-1807-gu-000026; 33c01-2005-gu-000028; 10c01-1709-gu-000131; 46d01-1904-gu-000037; 76c01-1807-gu-000025
248,Personal Representative Denies Claim,8,79c01-1606-gu-000058; 49d08-1805-gu-016836; 79c01-1806-gu-000038; 18c01-1803-gu-000031; 73d01-1605-gu-000036; 45c01-1811-gu-000290; 29d03-2005-gu-000085
249,Release Filed for Claim Paid in Full,8,20c01-1805-gu-000083; 20d01-1608-gu-000101; 53c01-1802-gu-000024; 49d08-2007-gu-024216; 43d01-1905-gu-000030
250,Dismissed,8,48c03-1906-gu-000348; 48c06-1710-gu-000486; 18c01-1612-gu-000130; 53c07-1611-gu-000170; 52c01-1812-gu-000017; 53c07-1607-gu-000089
251,Motion for Proceedings Supplemental Filed,8,46c01-1612-gu-000150; 54d01-1806-gu-000021; 02d03-1912-gu-000242; 80c01-1611-gu-000032; 41d01-1805-gu-000078
252,Notice of Dismissal Filed,8,49d08-1610-gu-036977; 49d08-2009-gu-030536; 49d08-1903-gu-011770; 18c01-1606-gu-000057; 49d08-1906-gu-024956; 49d08-2012-gu-042580
253,"For Case Events Prior to May 13, 2013 See Court File",8,32d01-2001-gu-000015; 49d08-0606-gu-022989; 49d08-0807-gu-032367; 49d08-0710-gu-042649
254,Notice of Completion of Transcript Filed,8,26c01-2009-gu-001024; 49d08-1906-gu-022867; 06d01-1906-gu-000030; 37c01-1705-gu-000491; 02d01-1608-gu-000193
255,Indigent Counsel Appointed at County Expense,8,13c01-1703-gu-000006; 55d01-1608-gu-000074; 28c01-1706-gu-000024; 53c01-1603-gu-000029; 53c01-1603-gu-000047; 74c01-2009-gu-000029; 55d01-1601-gu-000008
256,Initial Hearing,7,52c01-1812-gu-000016; 13c01-1609-gu-000014; 10c04-1707-gu-000113; 10c01-1709-gu-000138; 02d03-1605-gu-000104; 62c01-1707-gu-000011
257,Filing Entered in CMS Today:  File Stamped/Certified on:,7,02d03-1912-gu-000256; 34d02-1809-gu-000054; 29d01-2009-gu-000166; 02d03-1801-gu-000032; 34d02-1809-gu-000055
258,Motion for Pretrial Conference Filed,7,33c02-1610-gu-000059; 88c01-1607-gu-000043; 27d03-1604-gu-000013; 06d01-1906-gu-000030
259,Notice of Non-Compliance,7,49d08-2009-gu-031445; 49d08-2009-gu-033413; 49d08-2008-gu-028307; 49d08-2006-gu-017782
260,Dispositional Decree issued,7,86c01-1609-gu-000010; 20d02-1806-gu-000130; 86c01-1910-gu-000010; 69c01-1804-gu-000022; 69c01-1805-gu-000025; 69c01-1807-gu-000041; 69c01-1803-gu-000018
261,Order Granting Motion for Leave to Amend,7,20d01-1609-gu-000136; 49d08-1901-gu-001314; 49d08-1806-gu-024699; 49d08-1610-gu-037281; 49d08-1810-gu-042840; 73c01-1703-gu-000015
262,Order Granting Petition for Appt of Personal Representative,7,49d08-1910-gu-043128; 84d03-2012-gu-006763; 18c01-1705-gu-000039; 82d04-1705-gu-000273; 18c01-1610-gu-000111; 49d08-1711-gu-041172; 49d08-1907-gu-030691
263,Closing Statement Filed,7,49d08-1903-gu-008336; 02d03-2001-gu-000013; 49d08-1908-gu-033183; 33c01-1801-gu-000004; 33c01-1801-gu-000005; 49d08-1811-gu-047269
264,Hearing on Motion to Intervene,7,49d08-1605-gu-018488; 49d08-1602-gu-005294; 49d08-1602-gu-006558; 37c01-1802-gu-000134; 46c01-1612-gu-000150
265,Order Granting Motion to Substitute Party,6,03d01-1610-gu-005671; 49d08-2007-gu-021928; 30d01-1909-gu-000055; 45d02-1806-gu-000123; 45d02-1806-gu-000098; 33c02-1607-gu-000029
266,Hearing on Motion to Dismiss,6,73d02-1604-gu-000023; 49d08-1712-gu-046127; 71c01-1610-gu-000222; 49d05-1904-gu-017471; 34d01-1911-gu-000164; 45d02-1905-gu-000146
267,Notice of Administration Issued,6,49d08-1705-gu-018044; 49d08-1603-gu-009671; 49d08-1701-gu-002780; 49d08-1706-gu-022793; 49d08-1702-gu-005787
268,Interpreter Services Used,6,53c01-1803-gu-000041; 41d01-1808-gu-000146; 45d05-2006-gu-000117; 20d01-1801-gu-000012; 20d01-1908-gu-000162; 20d01-1701-gu-000001
269,Stipulation of Dismissal Filed,6,49d04-1605-gu-015747; 49d08-1712-gu-044650; 41d01-1905-gu-000082; 50c01-2011-gu-000057
270,Order Denying Motion to Correct Error,6,49d08-2009-gu-033922; 49d08-1706-gu-023009; 49d08-1805-gu-016836; 27d03-1604-gu-000013; 49d08-1906-gu-022867
271,Order Granting Motion to Consolidate,6,49d08-1710-gu-040353; 49d08-1711-gu-042768; 49d04-1605-gu-015747; 49d08-1603-gu-008392; 80c01-1904-gu-000007
272,Order Granting Motion for Rule to Show Cause,6,22c01-1807-gu-000057; 20d01-1809-gu-000194; 71c01-1610-gu-000222; 54d01-1706-gu-000018
273,Order Granting Motion for Mediation,6,37d01-1708-gu-000697; 18c01-1912-gu-000168; 49d08-1602-gu-007078; 45d02-1809-gu-000202; 49d08-1602-gu-007081; 22c01-1704-gu-000034
274,Special Judge Selection Reported,6,49d04-1605-gu-015747; 55d02-1601-gu-000006; 29d05-1710-gu-000206; 49d08-2004-gu-013479; 55d03-1903-gu-000017; 53c01-1804-gu-000054
275,Application of Cash Bond Filed In This Cause,6,45d05-1908-gu-000233; 49d08-1611-gu-039613; 02d03-1605-gu-000109; 73d01-1808-gu-000053; 49d08-1902-gu-007509
276,Service of Process Waived,6,49d08-1701-gu-001365; 32d01-1702-gu-000020; 41d01-1709-gu-000153; 49d08-1902-gu-005720; 49d08-1909-gu-037070
277,Order Received from the Court of Appeals,6,49d04-1605-gu-015747; 49d08-1902-gu-007303; 49d08-1706-gu-023009; 27d03-1604-gu-000013; 49d08-1906-gu-022867
278,Mental Health Evaluation Filed,6,33c02-1912-gu-000074; 77c01-1903-gu-000014; 53c01-1803-gu-000034; 79c01-2005-gu-000038
279,Case Filed Electronically,6,53c01-1904-gu-000055; 53c01-1901-gu-000008; 53c01-1903-gu-000022; 53c07-1907-gu-000096; 53c01-1905-gu-000061
280,Case Dismissed,6,10c01-1612-gu-000183; 48c06-1801-gu-000035; 34d01-1911-gu-000164; 45c01-1805-gu-000078; 48c03-1911-gu-000643
281,Petition for Change of Name Filed,6,49d08-1612-gu-044102; 49d08-1707-gu-029661; g870000860; 49d08-1908-gu-031066; 49d08-1910-gu-042160; 49d08-1906-gu-024908
282,Motion for Stay,6,73d01-1607-gu-000043; 80c01-1611-gu-000032; 06d01-1708-gu-000034; 49d08-1906-gu-022867; 49d08-1903-gu-009840; 49d08-1810-gu-040480
283,Mediator Accepts Referral,6,80c01-1803-gu-000001; 37d01-1708-gu-000697; 34d02-1810-gu-000072; 34d02-1810-gu-000071
284,Judge Recuses Jurisdiction,6,72c01-2012-gu-000053; 72c01-2012-gu-000052; 88c01-0109-gu-000025; 30d01-1909-gu-000055; 72c01-2012-gu-000054; 26c01-2009-gu-001024
285,Appellate Court's Request for Transcript,5,13c01-1612-gu-000025; 02d01-1608-gu-000193; 26c01-2009-gu-001024; 49d08-1906-gu-022867
286,Motion to Discharge Filed,5,49d08-2007-gu-021865; 79c01-1703-gu-000037; 49d08-1604-gu-013515; 43d01-1809-gu-000071; 32d01-1709-gu-000120
287,Order of Nunc Pro Tunc Entry,5,49d08-1903-gu-010749; 22c01-1603-gu-000019; 46d01-2010-gu-000122; 21d01-2001-gu-000004; 30d01-1611-gu-000089
288,Hearing on Motion to Modify,5,91c01-1903-gu-000009; 22c01-1711-gu-000102; 10c01-1603-gu-000039; 45d02-1809-gu-000202; 20d01-1702-gu-000018
289,Motion for Mediation Filed,5,54d01-1802-gu-000005; 54d01-1801-gu-000003; 49d08-1902-gu-005470; 49d08-1906-gu-022867; 22c01-1704-gu-000034
290,Motion for Finding of Fact and Conclusions of Law Filed,5,49d08-1906-gu-026405; 52c01-1808-gu-000013; 32d02-1706-gu-000064; 79c01-1606-gu-000058; 49d08-1909-gu-040535
291,Objection to Report Filed,5,55d01-1608-gu-000074; 89c01-2006-gu-000055; 72c01-2012-gu-000054; 05c01-1904-gu-000009
292,Order Appointing Public Defender,5,81c01-1601-gu-000001; 53c01-1710-gu-000147; 03d01-1706-gu-003466; 32d03-1907-gu-000088
293,Order Granting Motion to Modify,5,27d03-1812-gu-000121; 49d08-1706-gu-023009; 20d01-1702-gu-000020; 49d08-1803-gu-008798; 49d08-2005-gu-016216
294,Order Granting Motion to Quash,5,45d02-1905-gu-000146; 49d08-2009-gu-033922; 49d08-1602-gu-007436
295,Medical History form issued or mailed,5,02d03-2001-gu-000008; 02d03-2008-gu-000193; 02d03-2002-gu-000019; 49d08-1704-gu-015748
296,Service Returned Not Served (E-Filing),5,50c01-2009-gu-000052; 53c01-1710-gu-000143; 49d08-1908-gu-031109; 49d08-1904-gu-014789; 71d05-1807-gu-000037
297,Order Denying Motion for Fee Waiver,5,52d01-1604-gu-000003; 28c01-1609-gu-000026; 79c01-1903-gu-000031; 79c01-1906-gu-000055; 64d02-1705-gu-004286
298,Motion to Shorten Time Filed,5,54d01-1801-gu-000003; 18c01-1811-gu-000140; 27d03-1810-gu-000105; 79c01-2010-gu-000083
299,Motion for Temporary Restraining Order Filed,5,79c01-2010-gu-000083; 49d08-2006-gu-021479; 37d01-1708-gu-000697; 49d08-1905-gu-021122; 49d08-1902-gu-007303
300,Request for Written Instructions Filed,4,45d05-1907-gu-000189; 27d03-1604-gu-000013; 45d05-1808-gu-000177; 45d05-1803-gu-000010
301,Hearing on Motion for Instructions,4,49d08-1605-gu-018620; 49d08-1807-gu-029734; 49d08-1710-gu-037656; 18c01-1608-gu-000085
302,Order Granting Motion for Instructions,4,82d04-1603-gu-000131; 29d01-1804-gu-000069; 27d03-1602-gu-000009
303,Proceedings Supplemental,4,54d01-1806-gu-000021; 46c01-1612-gu-000150; 80c01-1611-gu-000032; 09c01-1902-gu-000010
304,Hearing on Motion to Correct Error,4,45d05-1808-gu-000168; 49d08-1906-gu-022867; 32d02-1706-gu-000064; 73d01-1809-gu-000061
305,Praecipe for Withdrawal of Submission,4,49d09-1608-gu-029944; 20d01-1608-gu-000117; 49d08-1608-gu-029944
306,Order for Pretrial Conference,4,21d01-1611-gu-000043; 77c01-1805-gu-000023; 88c01-1607-gu-000043; 18c01-1804-gu-000051
307,Order for Payment of Pauper Fees,4,45d11-1806-gu-000108; 45d11-1811-gu-000294; 45c01-1810-gu-000254; 82d04-1610-gu-000537
308,Order Granting Motion to Discharge,4,82d04-1606-gu-000338; 45d02-1809-gu-000202; 49d08-2007-gu-021865; 42c01-1609-gu-000062
309,Dismissed Without Prejudice,4,33c02-2008-gu-000054; 53c01-1611-gu-000165; 20c01-1711-gu-000139; 48c01-2012-gu-000553
310,Order Granting Motion to Reconsider,4,41d01-1902-gu-000024; 41d01-1902-gu-000023; 49d08-1801-gu-003308; 49d08-1612-gu-044810
311,Proof of Publication of Notice Filed,4,18c01-1811-gu-000140; 20d01-1609-gu-000123; 46c01-2006-gu-000050; 22c01-1703-gu-000025
312,Agreed Mediator Selection Filed,4,18c01-1912-gu-000168; 53c01-1703-gu-000041; 45d05-1906-gu-000159
313,Petition to Docket Trust Filed,4,45c01-1802-gu-000026; 49d08-1702-gu-005183; 49d08-1807-gu-029734; 49d08-1803-gu-010557
314,Rule to Show Cause for Failure to File Issued,4,02d02-1605-gu-000108; 88c01-1607-gu-000043; 88c01-1907-gu-000028; 02d09-1604-gu-000101
315,Order Granting Motion to Strike,4,50c01-1910-gu-000049; 49d08-1906-gu-022867; 31c01-1709-gu-000054; 49d08-1711-gu-044259
316,Petition for Authority to Distribute Estate Filed,4,02d03-2011-gu-000245; 49d08-1807-gu-029734; 89d02-1902-gu-000018; 43d01-1901-gu-000012
317,Order Granting Motion to Terminate Appointment,4,20d01-1805-gu-000079; 82d04-1704-gu-000218; 45d05-1701-gu-000002
318,Order Granting Motion to Shorten Time,4,27d03-1810-gu-000105; 29d01-1804-gu-000069; 18c01-1811-gu-000140; 54d01-1801-gu-000003
319,Motion for In Camera Interview,4,26c01-1602-gu-000251; 59c01-1710-gu-000057; 49d08-1902-gu-005322
320,Jury Trial Demand Filed,4,49d08-1906-gu-022867; 82d04-1608-gu-000420; 49d08-1805-gu-016836; 49d08-1908-gu-031909
321,Order For Telephone Conference,4,09c01-1801-gu-000005; 54d01-1806-gu-000021; 33c01-1710-gu-000068; 22c01-1802-gu-000015
322,Summons,4,22c01-1606-gu-000052; 22c01-1803-gu-000027; 22c01-1607-gu-000070
323,Claim Paid in Full,4,82d04-1705-gu-000273; 28c01-1806-gu-000025; 17d02-1709-gu-000044; 33c02-1606-gu-000025
324,Order Approving Closing Statement,4,27d03-1611-gu-000081; 33c01-1801-gu-000004; 33c01-1801-gu-000005; 03d01-1709-gu-004850
325,Strike from Ordered Panel Reported,4,49d08-1902-gu-005470; 53c01-1703-gu-000041; 80c01-1908-gu-000022; 62c01-1807-gu-000023
326,Notice Received from Supreme Court,4,49d08-1608-gu-029944; 49d08-1906-gu-022867; 49d09-1608-gu-029944; 79c01-1806-gu-000038
327,Letters Testamentary issued,4,82d04-1603-gu-000193; 71j01-1607-gu-000134; 49d08-1603-gu-011340; 49d08-1609-gu-033799
328,Order Denying Motion to Dismiss,4,49d08-1603-gu-008392; 49d08-1906-gu-022867; 49d08-1902-gu-005322; 55d01-1610-gu-000096
329,Notice of Filing Due,4,12c01-1807-gu-000028; 12c01-1807-gu-000031; 12c01-1705-gu-000014; 12c01-1805-gu-000026
330,Statement of Accounts Filed,4,82d04-1602-gu-000079; 48c01-1908-gu-000495; 18c01-1610-gu-000114; 04c01-1610-gu-000003
331,Motion to Set Aside/Vacate Judgment Filed,4,34d02-1811-gu-000085; 03d01-1707-gu-003735; 41d01-1902-gu-000033; 45d02-1905-gu-000146
332,Informal Adjustment Filed,4,49d08-2009-gu-030335; 02d03-2005-gu-000110; 49d08-1902-gu-006602; 27d03-1806-gu-000055
333,Special Judge Appointed Pursuant to Local Rule TR 79H,4,53c07-1907-gu-000096; 49d05-1904-gu-017471; 49d06-1904-gu-017473; 86c01-1609-gu-000010
334,Motion for Extension of Time to File Transcript,4,41d01-1808-gu-000140; 41d01-1904-gu-000076; 49d08-2011-gu-041516
335,Case Management Plan,4,52c01-1806-gu-000008; 45d11-1712-gu-000066; 45d11-1805-gu-000083
336,Motion for Extension of Time to Complete Clerk's Record,3,41d01-1911-gu-000203; 41d01-1606-gu-000096; 41d01-1808-gu-000140
337,For Case Events Prior To 7/6/09 Refer To CCS In Court File.,3,88c01-0505-gu-021; 88c01-0301-gu-000001; 88c01-0109-gu-000025
338,Order Denying Motion for Appointment,3,77c01-1908-gu-000027; 82d04-1602-gu-000083; 89d01-1812-gu-000117
339,Hearing on Petition for Adult Protective Services Order,3,49d08-1807-gu-026717; 82d04-1606-gu-000325; 82d04-1701-gu-000047
340,Report of Assets and Liabilities Filed,3,71c01-1704-gu-000088; 46c01-1710-gu-000124; 41d01-1702-gu-000024
341,Order Approving Report of Sale of Personal Property,3,49d08-1712-gu-046127; 49d08-1905-gu-021266; 45d05-1809-gu-000199
342,Order Granting Objection to Report,3,49d09-1608-gu-029944; 49d08-1608-gu-029944; 03d01-1702-gu-000631
343,Failure to Appear,3,13c01-1703-gu-000006; 71d05-1703-gu-000060; 55d02-1601-gu-000006
344,Petition to Establish Child Support Filed,3,18c01-1806-gu-000092; 02d03-2006-gu-000147; 02d01-1609-gu-000217
345,Order Denying Motion to Consolidate,3,49d08-2007-gu-024495; 49d08-1711-gu-043747; 49d08-1811-gu-044220
346,Warrant or Writ of Attmnt for the Body of a Person Issued,3,45d05-1803-gu-000010; 05d01-1810-gu-000012; 55d02-1601-gu-000006
347,Motion to Reinstate Filed,3,40c01-1710-gu-000056; 49d08-1603-gu-011179; 41d01-1705-gu-000077
348,Appraisal Report Filed,3,41d01-1709-gu-000138; 82d04-1609-gu-000496; 41d01-1808-gu-000146
349,Hearing on Direct Contempt,3,80c01-1904-gu-000007; 84d02-1705-gu-003547; 41d01-1805-gu-000078
350,Lis Pendens Notice Filed,3,80c01-1908-gu-000022; 49d08-1812-gu-048993
351,Disclaimer of Interest Filed,3,02d03-1804-gu-000083; 79c01-1606-gu-000057; 41d01-1903-gu-000051
352,Praecipe for Order of Sale,3,84d02-1603-gu-001914; 22c01-1801-gu-000011; 55d01-1605-gu-000044
353,Order Granting Motion for Stay,3,73d01-1607-gu-000043; 80c01-1611-gu-000032; 88c01-1607-gu-000043
354,Order Denying Motion to Terminate Guardianship,3,31c01-1611-gu-000055; 45d02-1807-gu-000138; 45c01-1807-gu-000153
355,Motion to Impose Sanctions Filed,3,18c01-1811-gu-000140; 45d02-1905-gu-000146; 49d08-2006-gu-019489
356,Objection to Mediation Filed,3,88c01-1607-gu-000043; 20c01-2001-gu-000015; 73d01-1605-gu-000036
357,Affidavit of Non-Military Filed,3,20c01-2004-gu-000053; 20c01-2004-gu-000054; 32d01-1703-gu-000033
358,Wage Assignment Filed,2,49d08-1601-gu-002505; 49d08-1703-gu-011255
359,Hearing on Motion for Public Defender,2,48c01-1903-gu-000146; 48c03-1907-gu-000376
360,Amended Final Judgment entered,2,49d08-2009-gu-033922; 53c01-1712-gu-000170
361,Modification Hearing,2,49d04-1605-gu-015747; 52d01-1604-gu-000003
362,Hearing on Petition to Establish Paternity,2,41d01-1805-gu-000069; 02d03-2002-gu-000042
363,Report of Sale of Personal Property Filed,2,20d02-1808-gu-000183; 02d03-2005-gu-000107
364,Petition to Settle and Allow Account Filed,2,22c01-1806-gu-000041; 49d08-1609-gu-033355
365,Withdrawal of Creditor's Claim,2,84d03-1703-gu-002253; 49d08-1902-gu-005470
366,Will Book,2,49d08-1902-gu-005322; 49d08-1808-gu-031727
367,Warrant or Writ of Attmnt for the Body of a Person Served,2,05d01-1810-gu-000012; 55d02-1601-gu-000006
368,Promise to Appear Filed,2,05d01-1810-gu-000012; 20d01-1702-gu-000019
369,Motion to Execute Filed,2,30d01-1611-gu-000089; 50c01-2011-gu-000056
370,Motion to Make Partial Distribution Filed,2,49d08-2007-gu-025710; 29d05-1710-gu-000206
371,Motion for Discovery Protective Order Filed,2,49d08-1906-gu-022867; 45d05-1905-gu-000147
372,Motion For Transport Order,2,49d08-1908-gu-032347; 49d08-1902-gu-007303
373,Renunciation of Election as Personal Representative Filed,2,49d08-1809-gu-037145; 49d08-1803-gu-009403
374,Petition to Compromise and Settle Filed,2,54d01-1802-gu-000006; 28c01-1801-gu-000002
375,Motion to Seal Public Records Filed,2,52c01-1806-gu-000008; 46c01-1902-gu-000010
376,Petition for Unsupervised Administration Filed,2,49d08-1802-gu-006206; 49d08-1708-gu-030928
377,Report of Appropriate MH Facility Filed,2,53c01-1712-gu-000171; 45c01-1806-gu-000091
378,Motion for 41E Dismissal Filed,2,18c05-1607-gu-000072; 13c01-1612-gu-000025
379,Motion to Reopen Estate and Appoint Personal Rep. Filed,2,45c01-1611-gu-000174; 49d08-1604-gu-012201
380,Amended Responsive Pleading Filed,2,49d08-1807-gu-026582; 89c01-2006-gu-000055
381,Real Estate Partition Report Filed,2,02d03-1904-gu-000064; 49d08-1903-gu-009840
382,Order Denying Motion to Reconsider,2,49d08-1605-gu-018488; 49d08-1906-gu-025473
383,Status of Counsel Hearing,2,27d03-1807-gu-000067; 45d02-1809-gu-000202
384,Order Denying Motion to Compel Discovery,2,49d08-1701-gu-002963; 31c01-1712-gu-000068
385,Deposition Filed,2,49d08-1701-gu-002963; 54d01-1806-gu-000021
386,Order Denying Motion for Stay,2,49d08-1810-gu-040480; 49d08-1906-gu-022867
387,Dismissed With Prejudice,2,37c01-1802-gu-000134; 48c06-1801-gu-000035
388,Order Denying Motion to Remove Guardian,2,27d03-1706-gu-000051; 49d08-2008-gu-028430
389,Order Denying Motion to Sell Real Estate,2,49d08-1906-gu-022867; 49d08-1801-gu-004152
390,Discovery Filed,2,52c01-1808-gu-000013; 49d08-1902-gu-005720
391,Order Denying Motion for Change of Judge,2,49d08-1906-gu-022867; 49d04-1605-gu-015747
392,Order Denying Motion for Assessment of Attorney Fees,2,49d08-1907-gu-030349; 49d08-1706-gu-023009
393,Order Denying Motion for Allowance of Fees,2,49d08-1807-gu-026889; 41d01-1912-gu-000216
394,Service Returned Undetermined,2,45d05-2008-gu-000190; 77c01-2006-gu-000016
395,Order Granting Motion for Notice of Proceedings,2,49d08-1606-gu-022610; 50c01-1812-gu-000076
396,Order Granting Motion for Compliance/Review Hearing,2,41d01-1903-gu-000047; 49d08-2002-gu-005647
397,Final Partial Judgment entered,2,18c01-1908-gu-000114; 18c01-2003-gu-000027
398,Order Received from the Indiana Supreme Court,2,49d08-1906-gu-022867; 49d08-1903-gu-009840
399,Hearing on Motion to Compel Discovery,2,29d03-1609-gu-000147; 37c01-1705-gu-000491
400,Answer to Interrogatories Filed,2,32d03-1908-gu-000097; 02d03-1912-gu-000242
401,Hearing on Parenting Time,2,49d08-1811-gu-044220; 80c01-1603-gu-000003
402,Order Granting Report Recommending Ext. of Temp. Commitment,2,45d02-1812-gu-000304; 64d01-1905-gu-004978
403,Order Granting Petition for Unsupervised Administration,2,79c01-1702-gu-000029; 79c01-1702-gu-000021
404,Order Denying Motion to Quash,2,49d08-1903-gu-009840; 65d01-1905-gu-000014
405,Appointment of Commissioner/Referee/Magistrate,2,41d01-2006-gu-000097; 41c01-2006-gu-000097
406,Order Granting Motion for 41E Dismissal,2,20c01-1904-gu-000077; 49d08-1804-gu-015773
407,Service Returned Undetermined (E-Filing),2,73d01-1604-gu-000026; 31c01-2002-gu-000012
408,Order Granting Motion For Final Hearing,2,20d01-1606-gu-000082; 49d08-1601-gu-002011
409,Release Filed for Judgment Paid in Full,1,49d08-1711-gu-041904
410,Administrative Event Requiring Judicial Action Filed,1,29d03-1806-gu-000115
411,Writ of Assistance Issued,1,71c01-1603-gu-000047
412,State of Indiana Inheritance Tax Acceptance Letter Filed,1,29d03-1707-gu-000130
413,Expiration of Minor Guardianship due to Age of Majority,1,20d01-1811-gu-000246
414,Final Judgment: Supplemental Report,1,41d01-1809-gu-000155
415,Settlement Conference,1,02d03-2006-gu-000133
416,Unless Response Filed: Granted,1,50c01-1604-gu-000025
417,Request for Records,1,41d01-2002-gu-000033
418,Request for Mental Health Service Issued by Court,1,77c01-1903-gu-000014
419,Contempt,1,74c01-2009-gu-000029
420,Request for Discovery Filed,1,49d08-2007-gu-021865
421,Report on Emergency Detention/Discharge of Respondent Filed,1,02d03-2002-gu-000042
422,Waiver of In Person Hearing,1,72c01-2012-gu-000054
423,Final Judgment: Motion to Terminate Guardianship,1,10c01-1708-gu-000127
424,Court Orders Mediation,1,49d08-1902-gu-005470
425,Court Reviews Magistrate's Findings; Court Disapproves,1,49d08-1707-gu-027080
426,Court Reviews Magistrate's Findings; Court Modifies,1,49d08-1811-gu-046275
427,Report of Entry of Order for Relief,1,33c01-1907-gu-000043
428,Schedule of Notice to Creditors,1,02d03-1812-gu-000345
429,Report Recommending Extension of Temp. Commitment Filed,1,22c01-1705-gu-000046
430,Summary Judgment entered,1,55d01-1608-gu-000074
431,Decree of Dissolution issued,1,06d01-1705-gu-000018
432,Order Granting Motion to Execute,1,50c01-2011-gu-000056
433,Proposed Order,1,10c01-2007-gu-000066
434,Order Denying Motion for In Camera Interview,1,13c01-2006-gu-000007
435,Order Denying Extension of Guardianship,1,43d01-1809-gu-000071
436,Order Denying Jury Trial Demand,1,49d08-1805-gu-016836
437,Order Denying Mot. to Certify Interlocutory Order for Appeal,1,31c01-1712-gu-000068
438,Order Denying Motion for Appointment Successor,1,27d03-1605-gu-000024
439,Order Denying Motion for Discovery Protective Order,1,49d08-1906-gu-022867
440,Order Denying Motion for Hearing,1,64d01-1704-gu-003500
441,Order Denying Motion for Instructions,1,49d08-1906-gu-022867
442,Interrogatories To Be Answered By Garnishee Defendant,1,02d03-1912-gu-000242
443,Order Denying Motion for Rule to Show Cause,1,31c01-1712-gu-000068
444,Order Denying Motion for Transfer of Case,1,49d08-1806-gu-025047
445,Order Denying Motion to Intervene,1,49d08-1711-gu-042819
446,Order Denying Motion to Release Funds,1,49d08-1702-gu-006000
447,Order Denying Motion to Strike,1,49d08-1906-gu-022867
448,Order Denying Motion to Vacate Hearing,1,45d11-1712-gu-000080
449,Interpreter Used (Non-Government),1,55d01-1608-gu-000077
450,Interrogatories to be Answered by Bank,1,02d03-1912-gu-000242
451,Order Denying Petition for Appt of Personal Representative,1,49d08-1808-gu-030488
452,Motion for Discovery Sanctions Filed,1,18c01-1811-gu-000140
453,Motion for No Contact Order Filed,1,49d08-1903-gu-008425
454,Motion for Notice of Proceedings Filed,1,02d03-1605-gu-000104
455,Motion for Relief from Judgment Filed,1,33c02-1610-gu-000059
456,Motion for Writ Filed,1,13c01-1612-gu-000025
457,Motion to Cancel Writ Filed,1,76c01-1703-gu-000011
458,Motion to Certify Interlocutory Order for Appeal Filed,1,20d01-1702-gu-000019
459,Motion to Modify Parenting Time Filed,1,59c01-1710-gu-000057
460,Jury Trial,1,27d03-1807-gu-000067
461,Motion to Surcharge Guardian and Forfeit Bond Filed,1,49d08-1902-gu-007303
462,Mediator Report of Non-Payment Filed,1,49d08-1711-gu-042768
463,Notice of Completion of Court Requirement,1,26c01-2009-gu-001024
464,Notice of Discharge/Release Filed,1,32d01-1709-gu-000120
465,Notice of Evidence Destruction Issued,1,33c01-1608-gu-000049
466,Order,1,47c01-1709-gu-000081
467,Order Denying Motion to Withdraw Appearance,1,55d01-1805-gu-000041
468,Order Disapproving Biennial Accounting,1,79c01-1810-gu-000089
469,Final PreTrial Hearing/Conference,1,02d03-1909-gu-000175
470,Cash Bond Entered in Clerk's Office,1,55d02-1601-gu-000006
471,Order on Initial Hearing,1,27d03-1807-gu-000067
472,Hearing for Judgment on Pleading Treated as Summary Judgment,1,17d02-1707-gu-000040
473,Order to Release Bond,1,49d08-1603-gu-007913
474,Order to Release From Custody,1,05d01-1810-gu-000012
475,Order to Revoke,1,41d01-1708-gu-000122
476,Partial Judgment entered,1,20c01-1805-gu-000083
477,Certified Mail Returned UnClaimed,1,53c01-1706-gu-000082
478,Hearing on Motion for Change of Venue,1,52d01-1604-gu-000003
479,"For case events prior, please see Court file",1,42c01-1908-gu-000051
480,Petition for Probate Of Will Filed,1,02d03-2008-gu-000195
481,Petition for Protection Order Filed,1,31c01-1712-gu-000068
482,"For case events prior to 8/29/16, refer to court file",1,13c01-1103-gu-000005
483,Petition to Place on Civil Judgment Docket Filed,1,27d03-1801-gu-000008
484,"For Case events prior to 03/14/2011, refer to Court File",1,28c01-9401-gu-000003
485,Hearing on Motion for Change of Judge,1,13c01-1612-gu-000025
486,Hearing on Motion for Continuance,1,82d04-1602-gu-000067
487,Appointment of GAL,1,53c01-1712-gu-000180
488,Hearing on Motion to Reconsider,1,49d04-1605-gu-015747
489,Income Withholding Order Entered,1,41d01-1705-gu-000077
490,Hearing on Petition for Protection Order,1,53c01-1803-gu-000036
491,Order Granting Motion for Default Judgment,1,49d08-1804-gu-014550
492,Hearing on Mtn for Emergency Poss.- Real Estate/Property,1,22c01-1711-gu-000102
493,Order Granting Motion for Pretrial Conference,1,52c01-1806-gu-000008
494,Order Granting Motion for Temporary Restraining Order,1,49d08-2006-gu-021479
495,Order Granting Motion to Amend Information,1,10c01-2005-gu-000055
496,Hearing on Motion for Summary Judgment,1,20c01-1809-gu-000197
497,Hearing on Motion to Modify Custody,1,26c01-1602-gu-000251
498,Order Granting Motion to Forfeit Bond,1,18c01-1808-gu-000106
499,Order Granting Motion to Seal Public Records,1,46c01-1612-gu-000150
500,Hearing on Motion to Impose Sanctions,1,18c01-1811-gu-000140
501,Order Granting Motion to Set Aside/Vacate Judgment,1,03d01-1707-gu-003735
502,Hearing on Motion for Temporary Restraining Order,1,49d08-2006-gu-021479
503,Writ of Attachment for the Body of a Person Ordered,1,45d05-1803-gu-000010
