,case_number
0,49D08-2306-GU-023558
2,89D01-2311-GU-000110
6,20C01-2305-GU-000064
8,13C01-1905-GU-000014
10,49D08-2311-GU-043156
11,47C01-2308-GU-000058
15,49D08-1907-GU-029869
16,02D03-1905-GU-000081
21,45D05-1904-GU-000124
24,18C01-1908-GU-000116
29,02D03-2303-GU-000058
33,49D08-1905-GU-021983
35,50C01-1908-GU-000045
39,49D08-2301-GU-000924
43,45D05-1906-GU-000159
48,02D03-2206-GU-000160
54,49D08-1907-GU-029342
58,02D03-1905-GU-000084
59,49D08-2305-GU-017944
61,02D03-2301-GU-000024
73,49D08-2301-GU-000479
77,41D01-1910-GU-000182
80,49D08-2309-GU-035623
86,48C03-1906-GU-000353
95,58C01-2404-GU-000001
108,49D08-2312-GU-046858
109,49D08-2312-GU-046577
112,46D01-1905-GU-000042
118,49D08-2211-GU-038559
120,84D03-2307-GU-004155
128,50C01-2308-GU-000040
130,02D03-1906-GU-000102
132,84D03-2311-GU-007922
140,02D03-2303-GU-000073
141,60C01-2307-GU-000009
144,49D08-1907-GU-026999
146,36C01-1908-GU-000050
147,84D02-2309-GU-005976
151,02D03-2307-GU-000235
153,18C01-2011-GU-000118
156,49D08-2308-GU-032898
158,46C01-1902-GU-000010
168,24C01-1909-GU-000622
169,49D08-2311-GU-046066
171,02D03-2303-GU-000096
174,49D08-1901-GU-000211
177,41D01-2305-GU-000067
179,27D02-2311-GU-000099
183,50C01-2309-GU-000046
189,49D08-1906-GU-025472
193,30C01-2307-GU-000050
203,49D08-1909-GU-037173
207,28C01-2212-GU-000040
208,49D08-1905-GU-020723
216,02D03-2403-GU-000076
223,02D03-2301-GU-000023
224,33C01-1904-GU-000020
227,30D01-2311-GU-000063
231,24C01-2312-GU-000680
232,49D08-1903-GU-012022
233,49D08-1905-GU-018300
239,02D03-2312-GU-000348
243,05C01-1901-GU-000002
248,49D08-2304-GU-014686
252,34D04-1902-GU-000023
253,41D01-2403-GU-000061
254,84D03-1907-GU-004976
260,49D08-2306-GU-024047
275,53C01-1904-GU-000055
283,49D08-2306-GU-022303
287,53C01-2401-GU-000002
290,49D08-1907-GU-028408
299,48C06-1909-GU-000542
305,12D01-2307-GU-000028
310,02D03-2306-GU-000178
312,49D09-2110-GU-036363
323,52D01-2303-GU-000017
325,49D08-2305-GU-020251
326,49D08-1907-GU-026529
327,89C01-2302-GU-000022
329,49D08-2306-GU-022096
330,49D08-1904-GU-015343
335,33C02-1905-GU-000025
342,49D08-2312-GU-047723
348,49D08-2301-GU-000518
360,02D03-2304-GU-000108
362,60C01-1903-GU-000006
368,49D08-1906-GU-024980
372,07C01-1612-GU-000020
376,49D08-1907-GU-028182
378,46D01-1904-GU-000037
394,45D02-1901-GU-000020
400,05C01-1904-GU-000008
401,02D03-2307-GU-000205
403,02D03-2309-GU-000281
408,22C01-1904-GU-000040
409,28C01-1907-GU-000022
412,49D08-1905-GU-021194
416,02D03-2302-GU-000037
421,28C01-2303-GU-000011
423,45D05-1910-GU-000295
424,02D03-1903-GU-000053
432,02D03-2402-GU-000033
448,50C01-2212-GU-000037
455,49D08-2305-GU-019494
469,49D08-2308-GU-033508
471,41D01-1909-GU-000158
472,49D08-1901-GU-001704
479,02D03-1909-GU-000175
483,41D01-1902-GU-000024
484,77D01-1906-GU-000025
494,49D08-1909-GU-040372
504,20D01-1901-GU-000003
506,02D03-2302-GU-000049
509,53C01-2403-GU-000042
510,49D08-2302-GU-006269
511,02D03-2401-GU-000007
513,49D08-1903-GU-008612
514,12C01-1908-GU-000038
518,74C01-2311-GU-000041
519,02D03-2304-GU-000115
524,18C01-2301-GU-000008
528,49D08-2305-GU-018867
531,49D08-2312-GU-050474
533,79C01-1904-GU-000041
534,45D05-2003-GU-000081
535,49D08-2310-GU-040115
545,02D03-2310-GU-000312
548,62C01-1903-GU-000004
552,03C01-2309-GU-004667
554,84D03-2302-GU-000920
555,20D01-1901-GU-000020
556,22C01-2309-GU-000090
558,02D03-2401-GU-000004
560,49D08-1904-GU-017478
561,49D08-1906-GU-023007
566,88C01-1902-GU-000006
572,41D01-1909-GU-000177
580,45D05-1907-GU-000203
585,11C01-1909-GU-000048
594,49D08-2310-GU-040583
597,49D08-1908-GU-034831
598,49D08-2310-GU-038807
600,49D08-1901-GU-000481
607,49D08-2309-GU-034543
611,19C01-2307-GU-000015
615,02D03-1907-GU-000136
622,12C01-2307-GU-000032
624,30D01-2307-GU-000048
626,79C01-1903-GU-000026
628,45C01-1708-GU-000147
629,49D08-1906-GU-025795
630,18C01-1906-GU-000085
636,49D08-2312-GU-047728
641,49D08-1909-GU-040535
643,49D08-2308-GU-030805
648,41C01-2301-GU-000002
649,84D02-2101-GU-000132
658,02D03-2312-GU-000356
665,02D03-2303-GU-000078
683,45D11-2302-GU-000035
684,49D08-0710-GU-042649
698,02D03-2403-GU-000071
703,49D08-2211-GU-038347
706,45C01-1808-GU-000165
709,69C01-1903-GU-000019
710,45C01-1905-GU-000133
717,02D03-2302-GU-000050
724,20D01-1905-GU-000107
730,18C01-2301-GU-000005
735,49D08-1902-GU-007308
737,49D08-2308-GU-032581
740,49D08-1906-GU-026410
744,41D01-1907-GU-000117
745,19C01-2401-GU-000006
750,49D08-1910-GU-041115
762,45D05-2112-GU-000304
766,49D08-2310-GU-039632
768,02D03-1903-GU-000039
769,24C01-1909-GU-000645
773,49D08-2307-GU-027392
775,67C01-2308-GU-000025
788,29D01-2311-GU-000200
796,02D03-2307-GU-000197
797,41D01-2403-GU-000058
809,49D08-1901-GU-002768
820,49D08-2301-GU-003971
822,73C01-2306-GU-000025
825,49D08-1908-GU-033951
837,73C01-2304-GU-000011
843,84D02-2304-GU-002357
844,18C01-2307-GU-000079
850,43D01-2308-GU-000044
853,88C01-1904-GU-000014
854,49D08-2303-GU-011097
857,49D08-2212-GU-043611
859,49D08-2303-GU-012490
862,12D01-2307-GU-000027
863,64D01-2309-GU-008317
881,02D03-2307-GU-000210
884,18C01-1903-GU-000047
889,49D08-1811-GU-046976
905,49D08-1905-GU-019107
911,49D08-1903-GU-009924
914,10C01-2303-GU-000034
915,07C01-2012-GU-000020
918,41D01-1904-GU-000076
923,41D01-2305-GU-000063
924,48C06-1802-GU-000093
925,49D08-1904-GU-013679
934,49D08-2311-GU-045443
941,48C06-1904-GU-000209
943,41D01-2306-GU-000090
951,49D08-2307-GU-026518
953,49D08-2310-GU-040407
957,12C01-2403-GU-000010
958,49D08-1904-GU-014432
969,10C01-2307-GU-000095
977,02D03-2309-GU-000293
980,02D03-2402-GU-000030
981,49D08-2309-GU-036216
983,49D08-2310-GU-041015
985,49D08-2301-GU-003244
1002,49D08-2305-GU-017883
1003,02D03-2307-GU-000215
1004,31C01-2306-GU-000025
1008,02D03-2306-GU-000172
1009,89D02-2404-GU-000045
1035,49D08-1901-GU-002439
1046,18C01-1901-GU-000006
1048,49D08-1906-GU-026405
1052,02D03-2312-GU-000349
1058,10C01-1908-GU-000112
1062,20D01-1908-GU-000163
1070,74C01-2309-GU-000033
1072,53C01-2303-GU-000024
1073,02D03-1907-GU-000144
1076,41D01-1905-GU-000085
1077,33C01-2305-GU-000031
1082,64D01-1905-GU-004978
1084,79C01-1906-GU-000057
1089,02D03-2308-GU-000249
1098,49D08-1908-GU-031066
1099,20C01-1901-GU-000004
1102,49D08-2312-GU-047012
1115,45C01-1805-GU-000078
1118,49D08-2306-GU-026029
1128,06D01-2308-GU-000056
1130,20D06-2308-GU-000097
1139,84D02-2305-GU-003000
1140,49D08-2311-GU-044367
1141,46D02-1611-GU-000133
1146,53C07-1907-GU-000096
1147,07C01-2301-GU-000001
1154,49D08-1902-GU-008036
1155,49D08-1905-GU-018310
1156,84D02-2303-GU-001517
1158,49D08-2301-GU-003890
1161,49D08-1903-GU-010776
1163,49D09-1608-GU-029944
1165,49D08-2308-GU-033673
1167,49D08-1905-GU-021122
1173,02D03-2308-GU-000256
1176,49D08-2212-GU-043387
1181,02D03-1901-GU-000014
1189,49D08-1908-GU-034499
1196,48C06-2402-GU-000098
1200,20D01-1901-GU-000002
1202,49D08-2403-GU-010004
1203,49D08-2307-GU-027527
1207,02D03-1907-GU-000124
1211,34D02-1901-GU-000006
1216,02D03-1908-GU-000153
1217,48C03-1903-GU-000150
1225,49D08-2304-GU-015393
1227,39C01-2309-GU-000059
1231,49D08-2305-GU-020259
1241,49D08-2303-GU-011133
1243,49D08-2306-GU-023015
1247,17C01-2305-GU-000018
1255,45D11-2403-GU-000072
1258,02D03-2305-GU-000133
1259,49D08-1910-GU-041869
1262,02D03-2307-GU-000236
1266,02D03-1907-GU-000123
1267,10C01-2305-GU-000055
1273,79C01-1902-GU-000018
1274,49D08-1906-GU-023724
1280,49D08-1901-GU-001256
1286,02D03-1909-GU-000181
1290,49D08-2301-GU-003896
1292,49D08-1907-GU-026471
1294,20C01-1903-GU-000035
1300,49D08-1905-GU-017764
1301,30D01-2301-GU-000003
1302,45D05-2001-GU-000038
1307,45D05-1901-GU-000024
1311,49D08-1904-GU-015124
1313,84D02-2309-GU-005743
1315,20C01-2302-GU-000022
1316,68C01-2402-GU-000018
1321,28C01-1906-GU-000017
1328,49D08-1909-GU-037070
1333,02D03-2211-GU-000329
1336,18C01-1912-GU-000169
1338,49D08-1905-GU-018879
1340,49D08-2402-GU-007831
1345,49D08-1901-GU-000035
1353,49D08-2303-GU-011080
1356,19C01-2401-GU-000005
1361,40C01-1902-GU-000010
1373,09C01-1902-GU-000010
1374,45C01-2311-GU-000301
1379,48C03-1909-GU-000544
1381,92C01-2310-GU-000018
1382,49D10-2304-GU-014065
1383,02D03-1904-GU-000058
1392,89C01-1908-GU-000099
1393,49D08-2309-GU-036630
1398,49D08-1905-GU-019102
1400,02D03-2306-GU-000182
1401,02D03-2211-GU-000337
1403,52D02-1901-GU-000003
1408,49D08-2310-GU-040994
1420,48C06-2310-GU-000532
1431,43D01-2303-GU-000004
1436,02D03-2312-GU-000345
1444,02D03-1901-GU-000013
1445,02D03-1902-GU-000023
1449,49D08-1904-GU-016979
1455,02D03-2310-GU-000303
1460,80C01-1908-GU-000023
1464,49D08-2401-GU-003148
1465,45D11-2402-GU-000058
1472,41D01-1909-GU-000175
1475,49D08-1904-GU-017312
1476,50C01-1908-GU-000044
1480,02D03-2304-GU-000101
1481,49D08-2311-GU-043203
1483,10C01-2308-GU-000099
1504,02D03-2402-GU-000047
1512,50C01-1904-GU-000020
1517,02D03-2308-GU-000259
1522,41D01-2006-GU-000097
1524,29D01-2401-GU-000013
1526,49D08-1910-GU-041741
1531,02D03-1905-GU-000089
1535,41D01-1712-GU-000188
1539,49D08-1902-GU-006047
1541,53C01-2312-GU-000191
1547,49D08-2402-GU-005411
1548,49D08-2402-GU-004441
1551,20C01-2212-GU-000202
1564,41D01-2304-GU-000053
1565,48C06-2402-GU-000088
1566,20D01-1901-GU-000013
1575,80C01-2302-GU-000003
1580,48C03-2311-GU-000562
1586,12C01-2301-GU-000003
1595,02D03-2307-GU-000229
1597,20D01-1904-GU-000076
1601,49D08-2301-GU-002622
1603,19C01-1608-GU-000037
1604,30C01-2401-GU-000003
1609,73C01-1907-GU-000071
1614,49D08-2302-GU-006853
1623,41D01-1902-GU-000029
1627,49D08-2311-GU-046073
1630,62C01-2007-GU-000009
1635,07C01-1602-GU-000006
1642,73C01-2312-GU-000061
1649,49D08-2307-GU-027374
1652,18C01-2403-GU-000032
1666,53C01-2310-GU-000168
1672,08C01-1906-GU-000011
1682,18C01-2301-GU-000003
1687,59C01-2302-GU-000016
1690,50C01-2307-GU-000034
1692,49D08-2301-GU-003774
1694,87C01-2304-GU-000022
1700,43D01-2311-GU-000065
1705,28C01-1611-GU-000041
1707,77C01-1908-GU-000027
1716,33C02-1908-GU-000049
1721,30D01-1605-GU-000031
1722,49D08-1903-GU-010165
1725,02D03-1909-GU-000174
1728,49D08-1904-GU-014396
1734,49D08-2306-GU-024031
1740,32D01-2312-GU-000147
1743,28C01-1905-GU-000013
1745,34D01-1909-GU-000131
1748,02D03-1904-GU-000077
1755,49D08-2309-GU-034905
1759,49D08-2308-GU-030828
1760,30C01-2304-GU-000021
1762,49D08-1907-GU-029473
1774,30D01-2304-GU-000023
1779,49D08-2304-GU-016187
1785,49D08-2212-GU-043616
1786,49D08-1901-GU-003694
1789,47C01-1909-GU-000063
1792,18C01-1903-GU-000038
1794,02D03-1806-GU-000159
1795,49D08-1908-GU-035498
1797,20D06-2312-GU-000161
1802,49D08-2304-GU-015143
1803,48C03-2309-GU-000473
1806,49D08-2308-GU-033362
1808,46C01-2301-GU-000006
1811,28C01-1907-GU-000023
1815,02D03-2403-GU-000061
1816,02D03-1901-GU-000012
1820,43D01-2304-GU-000015
1821,45D05-1905-GU-000151
1827,49D08-1901-GU-001314
1829,02D03-2309-GU-000278
1831,49D08-1907-GU-026468
1835,34D02-2401-GU-000004
1839,33C01-1909-GU-000058
1843,79C01-1905-GU-000049
1846,49D08-2301-GU-002232
1847,87D02-2303-GU-000020
1848,02D03-2303-GU-000081
1850,02D03-1906-GU-000113
1855,49D08-2312-GU-047637
1856,73C01-2306-GU-000020
1858,50C01-2308-GU-000038
1859,49D08-1903-GU-010661
1864,49D08-2312-GU-050238
1865,49D08-2305-GU-019094
1873,29D01-2312-GU-000219
1883,88D01-2401-GU-000006
1890,02D03-1902-GU-000018
1891,20D01-1907-GU-000138
1893,53C01-2305-GU-000067
1896,43D01-1905-GU-000030
1897,49D08-2311-GU-044767
1902,62C01-2008-GU-000011
1912,49D08-1904-GU-014126
1914,73C01-1901-GU-000006
1928,49D08-1902-GU-005098
1930,49D08-1905-GU-018694
1931,49D08-2311-GU-046176
1935,45D02-1903-GU-000071
1940,48C01-1908-GU-000445
1942,20D01-1902-GU-000029
1943,02D03-2401-GU-000010
1951,49D08-1905-GU-019684
1956,19C01-2307-GU-000020
1974,02D03-2212-GU-000344
1978,49D15-2108-GU-026516
1979,11C01-2308-GU-000022
1990,49D08-1907-GU-028247
1999,24C01-2310-GU-000572
2001,18C01-1903-GU-000037
2002,49D08-2304-GU-014065
2005,49D08-1908-GU-035660
2010,55D01-2312-GU-000069
2015,49D08-1903-GU-010749
2021,80C01-1904-GU-000007
2028,49D10-2308-GU-031571
2035,20D01-1907-GU-000133
2038,02D03-2305-GU-000125
2039,73C01-2304-GU-000009
2040,54D01-1612-GU-000056
2041,49D08-2305-GU-019397
2044,12C01-2308-GU-000033
2045,70D01-1907-GU-000010
2052,41D01-2304-GU-000062
2055,49D08-2307-GU-028438
2061,33C02-1904-GU-000019
2062,49D08-1901-GU-000495
2065,18C01-1908-GU-000117
2067,02D03-2304-GU-000114
2072,91C01-2302-GU-000006
2082,49D08-2301-GU-002664
2097,12C01-2312-GU-000043
2101,49D08-2212-GU-043808
2102,02D03-1903-GU-000038
2112,02D03-2308-GU-000245
2123,49D08-2305-GU-021832
2125,03C01-2402-GU-000905
2127,49D08-2301-GU-001343
2129,45C01-1902-GU-000027
2131,49D08-1902-GU-007592
2134,46D02-2402-GU-000031
2137,65D01-2203-GU-000004
2147,47C01-2310-GU-000067
2149,02D03-1907-GU-000146
2155,77C01-2304-GU-000009
2157,49D08-1902-GU-006310
2158,49D15-2104-GU-013320
2159,49D08-1910-GU-041371
2160,73C01-2004-GU-000011
2170,53C01-1901-GU-000008
2178,89D02-1904-GU-000050
2180,30C01-2304-GU-000028
2186,49D08-1904-GU-014184
2198,45C01-2305-GU-000119
2200,03C01-2309-GU-004656
2205,49D08-1902-GU-007509
2210,49D08-1906-GU-022990
2211,28C01-1903-GU-000010
2220,54D01-1601-GU-000002
2226,49D08-2303-GU-010737
2230,84D03-2303-GU-001346
2237,02D03-2303-GU-000060
2238,49D08-2403-GU-009310
2242,49D08-1906-GU-025039
2243,49D08-1907-GU-028194
2244,74C01-2306-GU-000026
2246,49D08-2304-GU-015383
2247,02D03-2302-GU-000047
2250,49D08-2303-GU-012841
2263,33C01-1905-GU-000027
2265,49D08-2311-GU-045942
2269,49D08-2304-GU-015398
2271,18C01-1909-GU-000129
2273,89D01-2310-GU-000103
2275,31C01-2308-GU-000039
2278,45C01-2310-GU-000266
2279,49D08-2404-GU-014881
2280,20D01-1903-GU-000050
2287,49D08-2303-GU-011976
2297,49D08-1910-GU-041878
2303,83C01-2404-GU-000008
2308,49D08-2301-GU-003589
2312,24C01-2306-GU-000301
2322,02D03-2306-GU-000185
2327,49D08-1901-GU-002329
2338,34D02-1906-GU-000096
2342,03C01-2303-GU-001164
2345,02D03-1905-GU-000099
2350,32D01-1904-GU-000043
2359,41D01-2402-GU-000029
2371,02D03-1903-GU-000041
2372,89D01-2310-GU-000101
2378,12C01-2401-GU-000003
2382,47C01-2310-GU-000068
2392,02D03-1903-GU-000028
2399,49D08-2307-GU-027787
2404,02D03-1903-GU-000035
2409,79C01-1907-GU-000075
2410,49D08-2308-GU-032943
2413,49D08-1910-GU-042841
2417,48C06-1802-GU-000088
2419,12C01-2305-GU-000016
2420,49D08-1910-GU-042035
2432,49D08-2402-GU-007857
2440,43D01-1908-GU-000063
2447,20D01-2302-GU-000024
2448,49D08-2305-GU-021398
2451,53C01-2308-GU-000129
2454,29D01-1606-GU-000100
2458,45D05-1808-GU-000177
2463,79C01-1903-GU-000023
2468,49D08-2309-GU-036213
2472,49D08-2303-GU-011820
2473,49D08-2308-GU-033457
2474,49D08-1906-GU-024677
2475,49D08-2308-GU-030042
2476,49D08-2306-GU-025970
2478,65D01-2305-GU-000008
2479,48C01-2312-GU-000608
2481,49D08-1908-GU-035510
2483,49D08-2301-GU-003917
2491,02D03-1908-GU-000155
2496,49D08-2301-GU-002375
2497,46C01-1910-GU-000095
2499,49D08-2308-GU-033158
2501,49D08-2308-GU-032319
2502,80C01-1905-GU-000012
2510,49D08-2306-GU-022650
2515,30C01-2301-GU-000002
2519,47C01-2311-GU-000075
2521,49D08-2302-GU-008037
2524,49D08-1905-GU-020007
2526,02D03-1904-GU-000065
2532,49D08-2311-GU-046040
2539,49D08-1902-GU-006301
2550,02D03-1910-GU-000191
2557,49D08-1908-GU-034833
2559,32D01-1906-GU-000079
2561,02D03-1910-GU-000185
2565,49D08-2303-GU-012955
2567,49D08-2311-GU-045321
2569,37C01-1904-GU-000339
2571,02D03-2302-GU-000051
2575,49D08-2311-GU-043381
2577,89D01-2401-GU-000009
2579,84D02-1902-GU-001037
2582,43D01-2403-GU-000016
2591,49D08-2312-GU-048826
2595,02D03-2303-GU-000091
2606,47C01-1806-GU-000056
2610,49D08-1902-GU-006605
2614,41D01-1906-GU-000098
2622,49D08-2309-GU-035907
2623,49D08-1902-GU-004326
2626,45D11-1609-GU-000011
2627,41D01-2403-GU-000049
2628,49D08-2308-GU-030643
2631,49D08-1901-GU-000871
2637,49D08-1908-GU-033839
2647,49D08-2306-GU-024013
2648,49D08-2212-GU-044507
2660,53C01-2304-GU-000055
2664,53C01-1906-GU-000085
2668,22C01-2312-GU-000112
2669,49D08-2312-GU-049107
2672,49D08-1905-GU-017707
2673,49D08-1902-GU-004625
2675,49D08-2310-GU-041446
2679,48C03-2311-GU-000583
2680,20C01-2306-GU-000065
2697,53C01-1907-GU-000102
2709,28C01-1609-GU-000026
2710,49D08-1901-GU-002436
2719,53C01-2307-GU-000117
2725,49D08-1903-GU-009970
2733,89D02-1907-GU-000085
2736,49D08-2307-GU-029910
2739,30D01-2401-GU-000005
2741,50C01-2302-GU-000012
2743,45D02-1901-GU-000003
2744,02D03-1903-GU-000050
2748,02D03-1903-GU-000056
2753,66C01-2303-GU-000001
2758,49D08-1907-GU-026520
2759,49D16-2303-GU-011133
2769,49D08-2311-GU-046193
2773,48C01-2306-GU-000292
2777,34D02-2401-GU-000005
2778,49D15-2308-GU-031512
2783,49D08-2309-GU-036844
2784,87D01-2309-GU-000056
2787,49D08-1901-GU-000487
2799,49D08-1903-GU-008425
2801,59C01-2301-GU-000008
2803,49D08-1905-GU-018692
2804,49D08-2305-GU-020261
2808,30D01-2404-GU-000028
2813,49D08-1906-GU-025372
2814,02D03-2305-GU-000155
2815,18C05-2309-GU-000117
2820,28C01-2211-GU-000036
2821,41D01-1610-GU-000159
2828,49D08-1903-GU-011701
2831,45C01-2402-GU-000041
2832,18C05-1904-GU-000056
2833,35C01-1603-GU-000007
2834,02D03-1903-GU-000040
2836,48C01-2308-GU-000390
2837,02D03-2301-GU-000025
2850,49D08-1907-GU-028192
2852,49D08-2212-GU-043465
2867,45C01-1808-GU-000166
2874,41D01-2301-GU-000004
2881,20D06-2401-GU-000005
2889,49D08-2311-GU-043781
2891,50C01-1712-GU-000052
2892,43D01-2305-GU-000017
2893,79C01-2312-GU-000146
2904,41D01-1909-GU-000171
2909,32D01-1904-GU-000055
2912,20D01-2107-GU-000134
2913,49D08-1909-GU-040007
2919,30D01-2305-GU-000033
2920,49D08-1903-GU-011108
2933,53C01-2312-GU-000192
2934,80C01-1904-GU-000009
2935,02D03-1903-GU-000042
2940,45D05-2207-GU-000202
2944,10C01-2308-GU-000098
2948,41D01-2401-GU-000014
2949,41D01-2301-GU-000013
2952,72C01-1908-GU-000027
2953,30C01-2310-GU-000059
2954,49D08-2212-GU-043863
2957,41D01-1903-GU-000041
2959,55C01-2312-GU-000069
2961,49D08-1806-GU-021486
2971,20D01-1908-GU-000150
2974,49D08-2308-GU-034329
2978,02D03-1904-GU-000057
2980,47C01-2304-GU-000030
2983,49D08-2401-GU-003795
2984,49D08-2307-GU-029410
2986,49D08-1910-GU-042848
2989,49D08-1901-GU-002831
2995,49D08-1907-GU-028737
2998,18C01-2212-GU-000167
2999,49D08-2301-GU-000115
3002,28C01-1905-GU-000016
3006,21D01-1902-GU-000006
3008,41D01-2304-GU-000059
3012,49D08-2309-GU-038147
3015,53C01-2307-GU-000114
3025,45C01-2310-GU-000265
3033,02D03-1907-GU-000118
3035,65D01-2311-GU-000021
3038,49D08-1901-GU-000405
3052,91C01-1903-GU-000009
3053,49D08-1906-GU-023715
3054,53C01-2303-GU-000045
3059,30D01-2402-GU-000015
3063,49D08-1908-GU-033183
3064,89D02-1905-GU-000070
3077,49D08-1907-GU-026964
3092,49D08-2212-GU-043540
3094,49D15-2108-GU-026168
3095,49D08-1907-GU-030691
3096,41D01-1910-GU-000184
3099,10C01-1904-GU-000051
3101,50C01-2303-GU-000023
3115,49D08-2304-GU-017267
3121,49D08-2305-GU-017887
3124,49D08-2310-GU-038610
3127,02D03-1907-GU-000139
3128,49D08-1811-GU-047342
3130,02D03-2306-GU-000183
3138,49D08-2304-GU-017447
3141,48C03-2403-GU-000104
3145,73C01-2312-GU-000063
3154,49D08-1908-GU-032825
3164,41D01-2308-GU-000121
3171,49D08-2212-GU-043815
3174,49D08-2312-GU-047017
3179,49D08-2304-GU-014517
3182,15C01-2303-GU-000011
3187,49D08-2304-GU-014089
3189,64D02-2303-GU-002394
3191,33C01-1803-GU-000015
3200,49D08-1906-GU-024187
3206,02D03-2402-GU-000034
3212,49D08-1906-GU-024956
3218,49D08-2103-GU-007766
3225,49D08-2301-GU-002036
3230,88D01-2401-GU-000002
3236,49D08-2301-GU-000160
3238,02D03-2309-GU-000286
3242,30D01-2309-GU-000058
3245,91C01-2103-GU-000004
3266,20C01-2306-GU-000084
3267,49D08-2309-GU-034561
3276,92C01-2302-GU-000004
3278,49D08-2310-GU-040176
3284,20D01-1904-GU-000066
3290,20D01-1903-GU-000055
3300,24C01-2309-GU-000527
3301,34C01-2305-GU-000061
3306,45D11-1901-GU-000001
3316,84D01-2309-GU-006314
3319,79C01-1907-GU-000061
3322,41D01-1904-GU-000071
3332,49D08-2303-GU-010825
3336,91C01-2206-GU-000031
3337,50C01-2302-GU-000017
3339,02D03-2305-GU-000157
3347,49D08-2312-GU-047284
3350,48C01-2307-GU-000379
3356,88D01-2307-GU-000033
3358,53C01-2212-GU-000149
3362,49D08-2305-GU-019368
3381,49D08-2310-GU-040972
3389,49D08-2312-GU-049358
3390,49D08-2306-GU-022217
3400,28C01-1903-GU-000004
3407,10C01-2308-GU-000097
3408,49D08-2307-GU-027793
3419,47C01-1909-GU-000066
3437,29D01-2403-GU-000044
3440,49D08-1905-GU-020980
3441,45C01-2311-GU-000309
3442,49D08-1904-GU-017306
3443,45C01-2308-GU-000199
3448,54D01-1806-GU-000022
3450,20D06-2312-GU-000158
3461,29D03-2306-GU-000109
3462,02D03-2303-GU-000077
3468,49D08-1905-GU-018288
3469,18C01-2301-GU-000011
3473,49D08-1903-GU-009753
3478,02D03-2309-GU-000289
3485,49D08-2301-GU-002035
3497,20C01-1902-GU-000021
3499,49D08-1908-GU-032091
3506,79C01-1906-GU-000054
3509,20D01-1904-GU-000070
3510,65D01-2312-GU-000022
3517,48C01-1903-GU-000138
3523,50C01-2401-GU-000005
3526,79C01-1904-GU-000035
3528,91C01-2106-GU-000016
3529,65D01-2310-GU-000017
3533,20D01-1903-GU-000048
3538,49D08-1901-GU-000938
3539,89D01-1909-GU-000110
3541,89C01-2309-GU-000088
3544,49D08-1903-GU-008514
3545,45D11-2312-GU-000317
3549,41D01-2308-GU-000139
3554,49D08-2309-GU-036312
3559,49D08-1906-GU-023074
3562,49D08-1902-GU-004554
3576,73C01-2308-GU-000035
3577,06D01-2310-GU-000071
3580,50C01-2301-GU-000005
3604,49D08-2310-GU-039406
3606,49D08-2309-GU-034661
3607,49D08-2301-GU-001269
3614,49D08-1907-GU-030323
3617,49D08-1905-GU-021266
3618,49D08-2301-GU-001575
3621,49D08-1907-GU-027046
3622,02D03-2312-GU-000343
3625,53C01-2305-GU-000079
3628,49D08-1908-GU-031829
3634,18C01-2403-GU-000030
3641,20D01-1907-GU-000139
3645,03C01-2306-GU-003247
3647,41D01-1905-GU-000082
3649,41D01-2302-GU-000023
3667,49D08-2310-GU-042569
3668,49D14-2302-GU-007878
3670,18C01-1907-GU-000099
3673,49D08-2302-GU-005833
3674,45D05-1905-GU-000147
3693,49D08-1904-GU-013225
3709,22C01-1908-GU-000073
3715,02D03-2308-GU-000250
3718,49D08-2212-GU-043957
3720,65D01-2008-GU-000015
3721,49D08-1905-GU-021237
3731,43D01-2309-GU-000047
3739,73C01-2306-GU-000022
3744,45D05-2006-GU-000117
3751,49D08-2311-GU-043787
3754,53C01-2304-GU-000053
3759,49D08-1909-GU-038575
3766,89D02-2310-GU-000100
3769,49D08-1908-GU-033923
3778,49D08-2307-GU-027963
3781,02D03-2306-GU-000164
3785,18C01-1906-GU-000084
3787,49D06-1904-GU-017473
3791,49D08-1903-GU-011976
3793,49D08-2404-GU-014641
3795,10C01-1909-GU-000135
3799,02D03-2401-GU-000026
3802,53C01-2311-GU-000174
3803,32D01-1910-GU-000110
3809,02D03-2309-GU-000291
3819,79C01-1906-GU-000058
3821,49D08-2309-GU-035479
3823,89D02-1908-GU-000100
3831,48C01-1904-GU-000202
3833,02D03-2308-GU-000243
3835,49D08-2305-GU-019167
3841,49D08-1906-GU-026162
3843,60C01-1903-GU-000009
3846,79C01-1907-GU-000062
3850,18C01-1908-GU-000114
3853,49D08-2312-GU-048661
3855,49D08-1904-GU-015669
3858,49D08-2303-GU-010721
3859,49D08-2401-GU-000905
3861,49D08-1908-GU-032734
3864,02D03-2304-GU-000117
3877,06D01-2306-GU-000039
3878,02D03-2301-GU-000001
3888,49D08-2306-GU-023715
3894,73C01-2306-GU-000021
3900,49D08-1904-GU-014618
3906,42C01-1908-GU-000051
3907,18C01-1901-GU-000005
3909,49D08-2311-GU-045070
3911,49D08-1908-GU-034056
3928,27D03-1906-GU-000050
3932,02D03-2305-GU-000137
3935,84D02-2402-GU-001014
3939,49D08-1906-GU-024381
3940,49D08-2401-GU-000904
3943,02D03-2311-GU-000327
3953,02D03-2303-GU-000093
3956,79C01-1905-GU-000044
3960,89C01-2403-GU-000039
3970,53C01-1907-GU-000090
3973,45D02-1901-GU-000004
3974,49D08-2309-GU-037302
3975,02D03-2307-GU-000222
3982,49D08-1906-GU-024908
3988,02D03-2310-GU-000301
3992,49D08-2311-GU-043059
3993,49D08-2303-GU-013556
3997,89D02-1902-GU-000016
3999,73C01-2002-GU-000003
4010,41D01-1909-GU-000164
4024,48C06-2307-GU-000356
4027,89D02-1906-GU-000072
4029,49D08-2304-GU-013669
4037,29D01-2307-GU-000114
4040,45D11-2301-GU-000017
4046,45D05-2010-GU-000229
4048,49D08-2302-GU-005358
4049,18C01-1910-GU-000139
4052,41D01-2303-GU-000040
4054,02D03-2308-GU-000260
4062,49D08-1909-GU-036443
4064,17D02-2304-GU-000015
4074,52D01-2302-GU-000006
4076,62C01-1905-GU-000009
4079,02D03-1905-GU-000087
4082,49D08-1903-GU-012443
4084,29D02-2304-GU-000062
4094,33C02-2306-GU-000045
4096,20C01-1904-GU-000081
4099,49D10-2301-GU-000518
4101,32D01-2306-GU-000070
4108,45C01-2308-GU-000214
4120,10C01-2311-GU-000131
4126,43C01-2206-GU-000030
4129,49D08-2310-GU-041514
4134,17D02-1901-GU-000002
4142,18C01-1912-GU-000168
4148,12C01-2302-GU-000007
4150,49D08-2304-GU-014590
4158,53C01-1803-GU-000034
4166,02D03-2402-GU-000043
4169,49D08-2403-GU-013199
4172,30C01-2303-GU-000013
4177,49D16-2308-GU-033667
4181,39C01-2304-GU-000023
4185,41D01-2303-GU-000046
4186,40C01-1903-GU-000017
4190,79C01-1901-GU-000004
4194,34D04-1901-GU-000007
4198,02D03-1907-GU-000126
4201,30C01-2304-GU-000027
4202,49D08-2311-GU-042706
4209,49D08-1903-GU-008619
4213,49D08-2309-GU-035389
4226,10C01-1909-GU-000137
4229,43D01-2306-GU-000018
4230,32D01-2311-GU-000125
4236,49D08-2302-GU-005393
4238,46C01-1907-GU-000071
4241,89D02-2301-GU-000005
4242,06D01-1906-GU-000030
4246,41D01-1903-GU-000040
4247,10C01-2302-GU-000019
4249,25C01-1903-GU-000015
4251,84D02-2309-GU-005742
4254,02D03-2211-GU-000339
4263,49D08-1909-GU-037573
4278,49D08-1909-GU-039430
4287,49D08-1902-GU-005050
4294,49D08-1907-GU-027146
4300,49D08-1901-GU-000924
4301,53C01-2402-GU-000019
4304,79C01-1904-GU-000033
4306,20D01-2304-GU-000050
4309,43D01-2303-GU-000003
4318,49D08-2309-GU-037131
4320,02D03-1907-GU-000128
4321,49D08-2305-GU-021831
4325,49D08-2306-GU-022097
4332,49D08-2308-GU-031512
4339,49D08-2305-GU-017563
4344,20D01-1908-GU-000153
4345,49D08-1908-GU-031484
4349,49D08-2311-GU-044409
4351,48C01-2311-GU-000535
4355,49D08-2307-GU-026522
4365,48C03-2306-GU-000336
4366,49D08-1903-GU-010584
4368,48C01-1903-GU-000146
4369,18C01-2002-GU-000007
4373,12C01-2305-GU-000020
4378,12C01-2304-GU-000012
4384,49D08-2308-GU-031571
4388,49D08-2304-GU-014514
4390,49D08-1902-GU-006653
4397,18C01-1907-GU-000098
4411,68C01-2303-GU-000027
4412,49D08-2308-GU-033647
4414,22C01-2304-GU-000044
4416,18C01-2004-GU-000040
4419,02D03-2301-GU-000027
4420,02D03-1903-GU-000046
4426,49D08-2303-GU-012634
4429,02D03-1906-GU-000108
4430,17D02-1711-GU-000054
4432,49D08-1905-GU-018752
4433,49D16-2309-GU-034543
4438,05C01-2301-GU-000001
4439,41D01-1909-GU-000159
4440,74C01-2305-GU-000018
4443,48C01-2306-GU-000293
4447,12C01-2303-GU-000009
4449,03C01-2304-GU-001718
4451,49D08-1909-GU-038890
4464,49D08-1902-GU-006633
4467,49D08-2303-GU-010798
4471,49D08-1903-GU-011104
4477,02D03-2402-GU-000046
4483,49D08-1906-GU-024564
4486,79C01-1905-GU-000046
4487,49D08-2310-GU-042256
4489,49D08-1902-GU-005470
4490,49D08-2301-GU-001480
4497,65D01-2305-GU-000010
4526,63C01-1906-GU-000013
4527,49D08-2308-GU-030552
4532,30D01-2301-GU-000004
4538,49D08-1903-GU-011960
4543,20C01-1906-GU-000124
4546,49D08-1901-GU-001305
4548,02D03-2307-GU-000226
4553,49D08-1904-GU-015645
4571,49D08-1901-GU-003663
4575,45C01-1906-GU-000176
4577,49D08-2301-GU-001959
4582,49D08-2303-GU-012951
4584,18C01-1902-GU-000033
4585,48C03-2305-GU-000231
4593,43D01-2310-GU-000057
4595,32D01-1906-GU-000077
4602,02D03-2303-GU-000061
4604,49D08-2311-GU-042964
4608,53C01-2311-GU-000185
4613,49D08-2401-GU-002444
4623,24C01-2310-GU-000571
4624,62C01-1905-GU-000008
4625,49D08-1906-GU-025473
4632,76C01-1902-GU-000002
4637,02D03-2401-GU-000015
4639,62C01-1906-GU-000014
4640,34C01-1903-GU-000027
4643,47C01-2311-GU-000074
4646,49D08-2401-GU-000737
4653,48C03-2401-GU-000061
4660,49D08-1906-GU-023114
4661,53C01-1904-GU-000038
4662,22C01-2309-GU-000085
4669,02D03-2311-GU-000329
4670,49D08-1908-GU-034879
4673,02D03-2309-GU-000272
4676,49D08-1909-GU-038301
4694,49D15-2310-GU-040385
4695,53C01-2301-GU-000015
4696,29D02-2310-GU-000180
4699,49D08-2307-GU-028094
4700,32D01-1906-GU-000072
4701,49D08-1906-GU-023115
4703,46C01-2306-GU-000059
4706,49D08-2307-GU-029882
4711,49D08-1909-GU-037684
4717,18C01-2301-GU-000012
4718,49D08-1901-GU-002650
4722,M86GN-17
4723,17C01-2304-GU-000017
4728,02D03-2309-GU-000298
4731,65D01-1905-GU-000014
4733,49D08-2308-GU-030645
4735,45D05-1712-GU-000022
4742,49D08-1906-GU-025813
4745,10C01-2303-GU-000038
4750,41D01-1904-GU-000062
4758,49D08-1901-GU-001267
4760,49D08-1901-GU-000929
4766,41D01-1909-GU-000157
4770,20D01-2302-GU-000018
4778,49D08-2310-GU-040122
4781,48C01-2403-GU-000117
4782,70C01-2401-GU-000002
4785,02D03-2308-GU-000258
4786,34D04-1902-GU-000022
4788,47C01-2304-GU-000031
4790,49D08-2401-GU-000985
4792,34D01-1904-GU-000053
4793,02D03-1901-GU-000011
4797,18C01-1906-GU-000079
4800,49D08-2308-GU-032159
4804,12C01-1904-GU-000019
4805,62C01-2004-GU-000006
4807,43D01-2309-GU-000046
4810,91C01-2305-GU-000015
4811,06D01-2309-GU-000062
4812,49D08-1901-GU-000185
4820,77D01-1902-GU-000001
4823,80C01-1904-GU-000006
4829,47C01-1806-GU-000057
4833,02D03-2311-GU-000323
4839,49D08-2305-GU-017774
4841,34D04-1904-GU-000062
4847,53C01-1909-GU-000132
4848,02D03-2309-GU-000279
4850,02D03-2311-GU-000322
4857,41D01-1907-GU-000123
4862,02D03-2306-GU-000174
4863,41D01-2303-GU-000042
4874,49D08-2301-GU-001489
4875,49D08-2308-GU-030799
4878,23C01-1907-GU-000027
4880,41D01-2312-GU-000193
4882,79C01-1906-GU-000059
4884,40C01-1901-GU-000001
4886,49D08-1903-GU-011958
4887,18C01-1906-GU-000087
4890,50C01-1907-GU-000040
4891,20C01-1901-GU-000015
4893,80C01-1904-GU-000011
4895,70D01-2309-GU-000017
4898,29D01-2309-GU-000163
4900,02D03-1907-GU-000138
4905,49D08-1903-GU-010639
4907,02D03-1909-GU-000177
4909,31C01-1902-GU-000004
4913,46D01-1901-GU-000004
4915,47C01-2305-GU-000039
4922,41D01-2308-GU-000127
4933,41D01-1903-GU-000039
4942,32D01-1806-GU-000054
4948,49D08-2402-GU-007832
4949,49D08-1906-GU-024628
4952,20D01-1905-GU-000114
4967,49D08-2301-GU-001536
4975,49D08-2306-GU-024979
4977,50C01-1905-GU-000027
4982,10C01-2310-GU-000120
4993,12C01-1905-GU-000024
4999,18C01-2002-GU-000009
5003,50C01-2305-GU-000027
5008,20D01-1901-GU-000001
5012,49D08-1901-GU-003890
5014,02D03-2401-GU-000021
5021,49D08-1904-GU-017475
5045,62C01-2310-GU-000050
5046,49D08-2311-GU-044522
5047,49D08-2301-GU-001673
5049,49D08-1907-GU-028736
5050,69C01-1905-GU-000031
5063,20D01-1903-GU-000042
5067,48C06-1907-GU-000412
5070,02D03-1904-GU-000068
5078,02D03-1904-GU-000059
5081,47C01-1904-GU-000023
5090,02D03-2307-GU-000228
5091,48C01-2308-GU-000394
5096,52C01-2302-GU-000005
5097,49D08-1803-GU-010785
5098,73C01-2307-GU-000028
5101,19C01-2312-GU-000040
5104,49D08-2310-GU-040885
5107,50C01-1910-GU-000049
5111,20D01-1712-GU-000156
5120,24C02-1909-GU-000646
5121,49D08-1906-GU-022745
5123,49D08-2301-GU-002579
5126,79C01-1903-GU-000029
5127,20D06-2311-GU-000145
5129,43D01-2403-GU-000019
5137,49D08-1909-GU-037059
5138,41D01-1903-GU-000056
5151,49D08-2309-GU-036315
5154,49D08-1907-GU-026674
5158,27D03-1903-GU-000026
5166,49D08-2306-GU-025983
5168,49D08-1907-GU-027230
5170,41D01-1903-GU-000051
5181,60C01-2311-GU-000014
5184,49D08-2310-GU-039246
5187,79C01-1902-GU-000015
5188,49D08-1908-GU-032866
5191,73C01-2402-GU-000005
5194,36C01-1901-GU-000005
5210,50C01-2301-GU-000004
5214,53C01-1906-GU-000078
5223,02D03-1903-GU-000051
5224,19C01-2306-GU-000014
5225,02D03-1907-GU-000122
5230,49D08-2306-GU-023094
5231,49D08-2304-GU-015938
5235,20C01-2308-GU-000108
5239,41D01-2312-GU-000190
5255,48C03-2311-GU-000580
5259,49D08-2301-GU-002457
5265,33C01-1906-GU-000032
5267,49D14-2309-GU-034543
5268,49D08-1907-GU-028687
5269,49D08-1908-GU-032347
5272,49D08-1905-GU-018915
5275,48C03-1906-GU-000349
5280,02D03-2309-GU-000280
5281,55D02-2401-GU-000001
5283,49D08-2312-GU-048815
5287,49D08-1906-GU-025868
5288,24C01-2401-GU-000071
5289,49D08-2308-GU-030647
5290,18C01-1901-GU-000014
5294,53C01-2301-GU-000011
5306,89D01-1908-GU-000098
5307,12C01-1808-GU-000038
5309,02D03-2305-GU-000129
5310,49D08-1908-GU-035029
5313,32D01-2302-GU-000030
5322,41D01-1902-GU-000023
5326,02D03-2305-GU-000146
5327,20C01-1904-GU-000077
5328,54D01-1901-GU-000001
5329,73C01-2308-GU-000033
5331,49D08-2308-GU-031477
5342,49D08-1902-GU-007303
5349,89C01-1902-GU-000012
5351,46D01-2202-GU-000011
5352,20D01-1907-GU-000145
5355,02D03-1905-GU-000090
5358,52D02-2303-GU-000016
5362,59C01-2302-GU-000018
5363,49D08-2310-GU-040385
5364,45C01-1809-GU-000221
5369,02D03-1906-GU-000114
5378,89C01-1905-GU-000059
5393,32D01-1904-GU-000054
5396,49D08-2305-GU-021144
5408,02D03-2306-GU-000160
5410,20C01-2302-GU-000015
5413,49D08-2312-GU-047220
5423,49D08-2308-GU-033555
5429,49D08-2304-GU-017083
5430,49D08-1906-GU-024304
5432,52D02-1901-GU-000001
5433,49D08-2212-GU-043531
5434,41D01-2310-GU-000163
5437,45C01-2312-GU-000315
5438,49D08-2307-GU-029934
5441,79C01-1902-GU-000019
5467,20C01-1907-GU-000132
5469,73C01-2312-GU-000064
5477,52D01-2308-GU-000037
5480,32D01-2312-GU-000141
5493,45D05-1808-GU-000184
5497,49D08-2305-GU-017882
5498,75C01-2302-GU-000002
5500,49D10-2302-GU-007027
5502,45C01-2403-GU-000065
5506,49D08-1907-GU-028825
5521,78C01-2311-GU-000020
5522,49D08-1904-GU-013678
5528,49D08-1908-GU-032963
5539,34D04-1907-GU-000099
5540,02D03-2312-GU-000334
5541,74C01-2303-GU-000010
5542,18C01-1905-GU-000069
5545,49D08-1904-GU-012962
5551,49D08-2303-GU-010517
5553,45D05-2303-GU-000054
5559,19C01-2307-GU-000016
5562,18C01-1910-GU-000152
5569,49D08-2310-GU-038606
5570,02D03-1909-GU-000169
5574,49D08-2306-GU-025430
5577,20D01-2305-GU-000057
5578,49D08-1907-GU-030340
5580,20C01-1901-GU-000014
5586,12C01-2402-GU-000009
5593,49D08-2306-GU-023129
5611,89C01-1905-GU-000064
5613,49D08-2312-GU-048907
5618,49D08-2307-GU-030000
5626,49D08-1906-GU-023982
5629,49D08-2212-GU-043555
5635,49D08-2312-GU-048714
5639,49D15-2105-GU-016461
5640,02D03-2307-GU-000213
5643,18C01-1912-GU-000175
5648,02D03-2309-GU-000295
5652,65D01-2212-GU-000029
5655,73D01-2311-GU-000057
5660,33C01-1908-GU-000048
5663,49D08-2304-GU-017421
5665,20C01-1907-GU-000136
5671,29D03-1903-GU-000043
5674,27C01-2402-GU-000009
5675,49D08-2211-GU-038748
5676,45D02-1901-GU-000012
5681,53C01-1906-GU-000079
5689,02D03-2308-GU-000247
5692,32D01-2301-GU-000018
5693,89D02-1902-GU-000018
5695,49D08-1903-GU-011770
5696,89D01-1901-GU-000001
5701,20D01-1901-GU-000017
5703,49D08-1808-GU-032541
5705,24C01-2306-GU-000300
5722,49D08-1903-GU-009020
5726,50C01-1902-GU-000008
5727,49D08-1908-GU-032795
5729,49D08-2308-GU-032802
5739,52D02-1901-GU-000005
5745,49D08-1909-GU-037402
5754,56C01-2307-GU-000694
5755,49D08-1909-GU-039527
5761,49D08-1904-GU-014789
5769,49D08-2307-GU-028973
5774,84D03-2303-GU-001518
5791,50C01-2304-GU-000024
5792,45D02-1806-GU-000103
5793,53C01-2307-GU-000116
5796,24C01-2301-GU-000059
5798,02D03-2311-GU-000318
5799,02D03-2306-GU-000163
5801,18C01-1904-GU-000048
5805,49D08-2306-GU-023107
5808,30D01-2401-GU-000013
5813,49D08-1910-GU-042220
5816,20D01-1905-GU-000088
5817,49D08-2312-GU-047054
5823,49D08-2302-GU-004675
5824,45D05-2212-GU-000331
5834,49D08-2308-GU-031483
5836,49D08-2212-GU-042937
5837,49D08-2303-GU-012250
5842,49D08-1904-GU-013870
5844,48C03-2310-GU-000511
5851,45D02-1806-GU-000100
5858,02D03-2311-GU-000320
5862,02D03-2307-GU-000199
5863,48C01-2303-GU-000108
5866,41D01-1903-GU-000048
5867,49D08-1906-GU-023439
5875,49D08-1908-GU-031511
5877,02D03-1904-GU-000064
5882,02D03-2301-GU-000026
5883,48C03-2308-GU-000387
5889,49D08-1904-GU-016506
5890,02D03-1902-GU-000025
5892,49D08-2304-GU-014092
5896,53C01-2309-GU-000156
5899,60C01-1904-GU-000012
5902,49D08-1803-GU-012403
5903,49D08-2303-GU-012621
5907,48C03-1810-GU-000516
5918,45D02-1905-GU-000127
5919,02D03-2401-GU-000014
5922,49D08-2310-GU-039907
5925,18C01-2304-GU-000037
5927,23C01-2312-GU-000026
5928,07C01-2006-GU-000013
5929,49D08-1909-GU-038671
5932,49D08-2307-GU-029550
5940,05C01-1904-GU-000009
5947,67C01-1902-GU-000009
5948,03D02-2309-GU-004616
5949,02D03-1908-GU-000147
5951,32D01-1901-GU-000005
5956,12C01-2304-GU-000013
5958,30D01-2302-GU-000010
5959,49D08-2306-GU-025292
5965,53C01-1903-GU-000022
5966,49D08-2310-GU-038813
5967,35C01-1605-GU-000011
5972,45C01-2309-GU-000250
5976,45C01-2311-GU-000300
5979,49D08-1902-GU-006602
5981,49D08-2306-GU-023346
5983,49D08-1907-GU-028735
5985,49D08-2302-GU-006321
5986,49D08-2312-GU-046973
5988,02D03-2401-GU-000018
5998,49D08-2311-GU-044739
6006,02D03-2308-GU-000266
6007,49D08-1903-GU-012513
6018,73C01-2401-GU-000004
6021,48C01-2307-GU-000381
6025,46C01-2312-GU-000145
6029,02D03-2308-GU-000251
6038,49D08-2305-GU-020002
6040,48C06-2401-GU-000037
6049,02D03-2305-GU-000153
6050,49D08-1907-GU-029226
6052,02D03-1905-GU-000101
6063,49D08-1903-GU-009840
6064,49D08-1906-GU-023208
6065,49D08-1905-GU-017894
6073,50C01-1904-GU-000019
6076,43C01-2310-GU-000060
6077,50C01-1903-GU-000011
6080,49D08-1907-GU-029478
6081,49D08-1906-GU-024504
6088,49D08-2312-GU-047599
6090,76C01-1903-GU-000011
6094,41D01-2308-GU-000119
6103,49D08-1904-GU-015872
6108,49D08-1909-GU-039961
6110,02D03-2402-GU-000045
6119,02D03-2305-GU-000136
6131,18C01-1902-GU-000030
6135,88D01-2402-GU-000009
6137,29D01-2401-GU-000014
6147,49D16-2302-GU-004675
6148,47C01-2308-GU-000059
6150,84D01-2304-GU-001996
6153,10C018001GU000007
6159,02D03-2402-GU-000036
6160,41D01-2302-GU-000019
6162,49D08-1909-GU-037593
6170,49D08-2311-GU-044462
6171,49D08-2308-GU-030221
6172,40C01-1902-GU-000002
6181,48C01-1908-GU-000495
6187,45D11-2304-GU-000073
6191,49D08-2301-GU-003107
6195,30D01-2311-GU-000062
6196,49D08-2307-GU-027381
6198,62C01-1912-GU-000022
6199,49D08-1902-GU-007620
6204,48C06-1906-GU-000335
6205,66C01-1910-GU-000027
6212,02D03-2306-GU-000175
6215,32D01-1901-GU-000007
6216,02D03-1909-GU-000167
6218,49D08-2307-GU-027833
6225,53C01-1807-GU-000099
6231,49D16-2212-GU-043465
6242,12C01-2302-GU-000008
6243,49D08-1909-GU-039133
6248,49D08-2312-GU-047608
6249,45D11-2301-GU-000013
6254,49D09-2306-GU-022097
6257,49D08-2307-GU-027021
6264,49D08-2307-GU-028763
6265,20D01-1901-GU-000008
6267,02D03-2310-GU-000314
6269,49D08-2311-GU-043168
6276,20D01-1904-GU-000074
6281,28C01-1611-GU-000040
6290,43D01-2301-GU-000001
6294,59C01-2302-GU-000025
6298,49D08-2403-GU-009307
6301,12C01-2401-GU-000002
6308,49D08-1904-GU-012951
6311,49D08-2302-GU-004799
6317,49D08-2305-GU-020254
6322,49D08-1904-GU-014335
6325,91C01-1906-GU-000018
6326,12C01-2307-GU-000026
6330,49D08-2212-GU-042571
6332,53C01-2305-GU-000066
6333,32D01-1902-GU-000020
6336,02D03-2302-GU-000055
6344,03D02-1902-GU-000793
6346,49D08-1902-GU-006627
6348,47C01-1901-GU-000009
6353,74C01-2304-GU-000017
6355,79C01-1908-GU-000086
6357,02D03-2305-GU-000130
6363,49D08-2309-GU-034619
6365,02D03-2403-GU-000067
6366,33C02-2309-GU-000064
6367,02D03-2307-GU-000214
6375,45D02-1901-GU-000016
6384,30C01-2401-GU-000001
6389,49D08-2401-GU-001009
6391,45D05-2206-GU-000170
6392,02D03-1903-GU-000043
6395,84D03-2402-GU-001165
6397,54D01-1609-GU-000049
6401,02D03-2302-GU-000053
6402,49D08-1904-GU-016981
6410,53C01-1901-GU-000007
6411,02D03-2401-GU-000024
6416,49D08-2308-GU-030530
6424,49D08-2309-GU-034672
6425,02D03-1905-GU-000082
6429,30C01-2303-GU-000012
6435,49D08-2301-GU-000392
6443,49D08-2305-GU-020263
6450,49D08-1907-GU-030349
6454,49D08-1904-GU-017498
6455,49D08-2312-GU-050423
6457,49D08-2311-GU-044481
6462,49D08-1901-GU-002110
6466,49D08-2303-GU-012211
6467,48C01-2306-GU-000335
6470,49D08-2311-GU-043402
6475,41D01-1901-GU-000022
6478,02D03-2305-GU-000132
6482,02D03-1903-GU-000036
6490,49D08-2304-GU-017007
6494,49D08-2302-GU-007027
6497,02D03-2301-GU-000009
6500,36C01-1901-GU-000012
6501,49D08-2311-GU-045332
6503,30C01-2403-GU-000020
6511,49D08-1905-GU-021063
6514,73C01-2303-GU-000007
6517,02D03-1904-GU-000060
6524,52D02-1902-GU-000007
6526,10C01-2401-GU-000006
6530,49D08-1906-GU-023191
6536,49D08-2311-GU-044742
6539,10C01-1905-GU-000073
6541,02D03-2307-GU-000206
6542,88C01-1909-GU-000033
6543,02D03-2303-GU-000088
6544,49D08-1904-GU-013923
6548,49D08-1910-GU-042239
6550,53C01-2304-GU-000056
6551,49D08-2309-GU-036840
6553,45C01-1805-GU-000079
6555,20D01-1906-GU-000119
6556,49D08-1907-GU-026784
6560,49D08-1902-GU-007526
6569,43D01-2305-GU-000016
6579,29D01-2308-GU-000140
6580,49D08-2305-GU-019203
6590,48C01-2305-GU-000259
6597,50C01-1903-GU-000009
6598,02D03-2305-GU-000140
6600,49D08-1901-GU-000247
6601,84D03-2305-GU-002903
6603,64D02-2303-GU-002879
6608,76C01-2308-GU-000018
6609,49D08-1901-GU-001129
6613,31C01-1904-GU-000010
6614,30D01-1909-GU-000055
6619,49D08-1908-GU-031092
6620,02D03-1909-GU-000176
6622,49D08-1903-GU-010267
6625,49D08-1906-GU-026019
6626,49D08-2211-GU-041154
6634,84D02-2211-GU-007022
6635,49D08-1909-GU-039569
6638,49D08-1902-GU-006560
6641,49D08-2402-GU-005410
6645,49D08-2212-GU-043743
6649,49D08-2305-GU-019421
6650,49D10-2308-GU-032748
6656,32D01-1805-GU-000046
6659,18C01-2301-GU-000009
6664,29D02-2404-GU-000058
6671,49D08-1903-GU-009277
6673,49D08-2306-GU-024604
6676,02D03-2308-GU-000262
6678,02D03-2307-GU-000216
6686,47C01-1905-GU-000029
6690,30C01-2210-GU-000068
6701,32D01-1902-GU-000015
6702,48C03-2309-GU-000480
6706,48C06-2309-GU-000454
6707,49D08-2309-GU-036851
6711,48C01-2312-GU-000599
6713,33C01-1906-GU-000037
6719,30C01-2311-GU-000070
6731,48C03-2308-GU-000417
6734,53C01-2311-GU-000182
6739,02D03-2401-GU-000011
6746,02D03-2302-GU-000043
6751,52C01-2311-GU-000044
6760,45D05-1907-GU-000189
6762,80C01-1908-GU-000022
6769,49D08-2312-GU-046803
6774,03C01-2306-GU-003329
6776,62C01-1908-GU-000016
6782,49D08-1906-GU-025798
6786,02D03-2310-GU-000313
6791,41D01-2401-GU-000001
6793,02D03-2306-GU-000192
6797,72C01-2301-GU-000002
6798,02D03-2311-GU-000324
6800,49D08-2307-GU-026707
6813,45C01-1901-GU-000009
6816,49D08-2307-GU-028031
6818,49D08-1907-GU-029479
6826,49D08-2302-GU-006961
6828,49D08-2402-GU-004666
6834,53C01-1908-GU-000114
6838,49D08-1906-GU-023745
6840,88D01-2402-GU-000008
6844,20C01-1902-GU-000028
6847,53C01-2404-GU-000046
6854,50C01-2309-GU-000044
6858,88C01-1907-GU-000028
6863,43D01-2307-GU-000036
6864,49D08-1906-GU-025741
6865,02D03-1906-GU-000112
6868,45D05-1908-GU-000233
6869,49D08-1909-GU-038556
6871,49D08-2305-GU-020359
6872,49D08-1901-GU-001744
6876,85C01-2312-GU-000035
6885,24C01-2311-GU-000650
6890,49D08-1905-GU-020139
6893,49D14-2306-GU-026035
6898,28C01-1608-GU-000019
6899,49D08-1903-GU-011198
6903,02D03-2309-GU-000274
6904,49D08-2308-GU-031749
6906,34D02-1903-GU-000040
6909,45D02-1805-GU-000071
6911,84D03-1909-GU-006558
6917,27D03-2305-GU-000036
6918,49D08-2212-GU-041915
6919,49D08-1902-GU-005720
6929,46C01-1908-GU-000078
6930,49D08-2305-GU-019176
6939,48C03-1906-GU-000348
6942,49D08-1907-GU-028738
6943,49D08-2307-GU-028971
6946,73C01-2301-GU-000002
6962,82D04-1909-GU-000532
6963,82D04-2304-GU-000200
6968,45C01-2301-GU-000020
6971,49D15-2104-GU-013243
6972,48C01-2307-GU-000340
6976,49D08-2303-GU-009744
6977,07C01-1712-GU-000028
6984,32D01-1903-GU-000032
6985,49D08-1902-GU-005872
6989,02D03-2301-GU-000007
6992,12C01-2312-GU-000046
7001,65D01-2304-GU-000007
7002,48C06-2403-GU-000142
7015,49D08-2307-GU-026496
7019,49D08-1903-GU-011018
7020,02D03-2305-GU-000128
7023,21D01-1904-GU-000015
7024,50C01-1803-GU-000015
7026,49D08-2312-GU-047013
7031,29D01-2401-GU-000006
7037,65D01-2310-GU-000018
7038,53C01-2303-GU-000044
7041,49D08-2212-GU-043617
7043,41D01-1903-GU-000047
7046,17D02-1907-GU-000025
7048,49D08-2309-GU-036650
7056,48C01-1901-GU-000007
7059,49D08-2312-GU-046491
7064,05D01-1902-GU-000004
7067,28C01-2301-GU-000001
7075,22C01-2311-GU-000103
7083,49D08-2305-GU-020260
7085,20C01-1905-GU-000105
7086,49D08-1905-GU-019098
7087,49D08-2309-GU-035240
7089,53C04-2305-GU-000070
7090,41D01-1903-GU-000058
7096,22C01-2309-GU-000087
7098,49D08-2308-GU-033667
7104,77C01-1903-GU-000014
7111,49D08-2308-GU-033448
7117,49D08-2403-GU-010120
7124,49D08-1908-GU-031109
7128,48C03-2312-GU-000626
7138,49D08-1903-GU-012763
7140,77C01-9707-GU-000016
7141,30C01-2403-GU-000024
7142,41D01-1903-GU-000042
7145,49D08-1903-GU-008951
7151,49D08-2211-GU-040599
7165,02D03-2401-GU-000027
7167,49D08-1909-GU-040001
7178,33C02-1908-GU-000051
7185,49D08-1811-GU-047486
7189,88D01-2308-GU-000040
7190,79C01-1903-GU-000024
7192,02D03-1906-GU-000106
7194,49D08-2307-GU-026580
7195,49D08-1905-GU-020246
7207,03D01-1610-GU-005671
7208,47C01-1910-GU-000074
7213,49D08-1901-GU-002665
7217,53C01-2304-GU-000051
7219,41D01-2305-GU-000073
7226,73C01-2401-GU-000002
7227,49D08-2307-GU-029774
7230,77C01-1902-GU-000001
7231,49D08-2311-GU-046048
7247,22C01-2306-GU-000063
7253,29D01-2312-GU-000220
7257,02D03-2308-GU-000248
7261,02D03-2303-GU-000072
7263,49D08-2310-GU-039913
7268,53C01-2311-GU-000178
7269,02D03-2212-GU-000348
7275,41D01-2301-GU-000002
7280,32D01-1906-GU-000084
7288,49D08-2305-GU-018490
7290,02D03-1907-GU-000134
7292,52C01-2402-GU-000008
7293,34D02-1901-GU-000001
7294,05C01-1910-GU-000011
7301,49D08-1903-GU-008336
7303,40C01-2301-GU-000001
7304,02D03-1905-GU-000079
7320,02D03-2302-GU-000041
7322,49D08-1910-GU-042160
7324,49D08-2401-GU-002586
7329,65D01-2308-GU-000015
7330,49D08-2310-GU-041242
7333,20C01-2010-GU-000140
7343,49D08-1905-GU-018295
7350,02D03-2212-GU-000350
7356,47C01-2401-GU-000003
7357,30D01-2302-GU-000009
7374,10C01-1909-GU-000138
7384,29D01-2402-GU-000026
7386,49D08-2306-GU-022694
7394,02D03-2303-GU-000063
7402,32D01-1904-GU-000056
7410,28C01-1608-GU-000021
7415,49D08-1905-GU-022068
7416,84D02-2309-GU-006090
7418,80C01-1903-GU-000003
7426,45D11-2310-GU-000260
7427,52C01-1909-GU-000039
7429,05C01-1901-GU-000001
7435,49D08-1907-GU-027219
7438,49D08-2308-GU-032409
7440,49D08-2401-GU-000059
7444,45D05-1905-GU-000119
7466,79C01-1903-GU-000031
7474,28C01-2306-GU-000021
7475,33C01-1909-GU-000055
7477,49D08-1902-GU-008204
7497,20D01-1909-GU-000169
7501,27D03-1908-GU-000060
7503,49D08-2308-GU-033533
7506,30C01-2307-GU-000051
7509,02D03-1907-GU-000137
7510,49D05-1904-GU-017471
7515,49D08-2306-GU-023050
7518,49D08-2309-GU-034825
7520,53C01-2402-GU-000021
7526,82D04-2310-GU-000567
7528,49D08-1802-GU-005741
7529,20D01-2302-GU-000013
7537,49D08-2304-GU-014782
7539,89C01-1908-GU-000097
7543,45D11-1901-GU-000021
7544,33C02-1908-GU-000050
7554,18C01-1901-GU-000013
7583,49D08-1901-GU-000826
7585,49D08-2212-GU-042566
7590,60C01-1902-GU-000003
7593,43D01-2311-GU-000061
7595,73C01-1911-GU-000076
7613,49D08-1905-GU-019752
7615,07C01-1912-GU-000038
7623,29D03-2306-GU-000108
7624,34D04-1901-GU-000002
7626,10C01-1907-GU-000100
7628,12C01-1902-GU-000003
7639,28C01-2212-GU-000043
7643,24C01-1901-GU-000047
7644,48C03-1903-GU-000140
7647,49D08-2310-GU-039301
7648,49D08-2304-GU-016659
7658,02D03-1905-GU-000085
7664,49D08-2211-GU-040597
7666,65D01-2310-GU-000019
7668,72C01-2311-GU-000033
7670,48C01-2402-GU-000070
7674,02D03-1905-GU-000095
7681,02D03-2305-GU-000127
7682,02D03-2312-GU-000344
7688,64D02-2302-GU-001032
7694,34D01-2304-GU-000056
7696,49D08-1908-GU-033466
7700,46D01-2303-GU-000030
7702,49D08-2310-GU-038971
7715,49D08-1902-GU-005945
7720,49D08-1903-GU-011200
7724,33C02-1903-GU-000014
7729,53C01-1908-GU-000108
7730,49D08-2304-GU-014615
7734,45C01-1809-GU-000220
7738,49D08-2311-GU-044840
7739,49D08-1909-GU-040809
7742,30C01-2303-GU-000019
7748,49D16-2108-GU-029562
7749,49D08-2304-GU-017367
7754,52D02-1902-GU-000006
7755,30D01-2211-GU-000071
7760,46D01-2210-GU-000113
7761,73C01-2306-GU-000019
7769,49D08-2307-GU-026719
7774,03C01-2403-GU-001602
7780,02D03-1905-GU-000098
7781,45D11-1801-GU-000033
7783,49D08-1905-GU-017676
7804,49D08-2307-GU-029372
7807,08C01-1908-GU-000014
7809,28C01-2309-GU-000030
7820,55D03-1903-GU-000017
7821,49D08-2307-GU-026945
7822,30D01-2304-GU-000022
7823,49D08-1902-GU-005322
7826,18C01-1905-GU-000072
7831,45D05-1903-GU-000090
7845,29D01-2310-GU-000192
7850,20D01-1801-GU-000005
7852,02D03-2307-GU-000217
7862,49D08-1712-GU-045744
7864,49D08-1903-GU-011848
7866,49D08-2309-GU-035088
7867,49D08-1904-GU-017054
7871,12D01-2301-GU-000005
7877,15C01-2307-GU-000028
7878,49D08-2311-GU-045034
7886,34C01-1902-GU-000017
7893,43D01-2303-GU-000005
7900,02D03-2303-GU-000068
7902,49D08-2302-GU-006391
7903,02D03-1901-GU-000001
7905,62C01-2008-GU-000012
7907,49D08-1906-GU-025353
7908,49D08-2305-GU-020681
7909,24C01-2301-GU-000058
7911,12C01-2305-GU-000021
7933,48C03-2311-GU-000586
7938,29D03-2403-GU-000047
7940,49D08-1901-GU-003388
7950,02D03-2311-GU-000315
7958,49D08-2212-GU-042569
7969,02D03-2304-GU-000097
7973,89D01-2310-GU-000092
7979,46C01-1907-GU-000072
7983,49D08-2306-GU-022683
7995,49D08-1907-GU-026710
7999,69C01-1611-GU-000052
8004,41D01-2305-GU-000068
8010,49D08-2302-GU-007878
8014,49D08-2308-GU-032748
8023,02D03-2306-GU-000187
8024,02D03-2302-GU-000045
8026,02D03-2303-GU-000094
8028,79C01-2310-GU-000117
8030,33C02-2212-GU-000064
8037,32D03-1907-GU-000088
8040,89D02-2310-GU-000103
8047,62C01-2009-GU-000014
8063,49D08-2303-GU-013329
8064,02D03-1903-GU-000055
8069,49D08-2303-GU-011520
8073,49D08-2310-GU-042073
8075,49D08-2403-GU-013563
8082,53C01-2310-GU-000167
8091,41D01-2401-GU-000018
8092,64D01-2310-GU-009624
8093,49D08-2403-GU-013033
8094,49D08-2306-GU-025917
8096,48C03-2304-GU-000201
8103,20D01-1909-GU-000171
8107,49D08-2307-GU-028772
8108,10C01-2310-GU-000129
8110,49D08-2301-GU-000470
8111,01C01-1902-GU-000005
8116,49D08-1905-GU-021267
8130,20D01-1902-GU-000026
8134,89D02-2306-GU-000056
8136,49D08-2308-GU-031685
8146,49D08-1903-GU-012183
8149,49D08-1903-GU-010104
8153,02D03-2304-GU-000098
8168,73C01-2402-GU-000006
8172,49D08-2309-GU-036907
8173,22C01-2309-GU-000086
8175,75C01-1903-GU-000014
8183,29D01-1904-GU-000072
8187,49D08-1901-GU-003672
8188,02D03-1909-GU-000172
8189,49D08-1906-GU-022384
8191,18C01-2301-GU-000004
8195,41D01-2312-GU-000184
8201,49D08-1904-GU-013865
8205,02D03-1904-GU-000066
8212,49D08-2310-GU-039249
8213,49D08-1901-GU-001269
8217,41D01-2310-GU-000161
8220,45D11-1810-GU-000231
8226,49D08-1903-GU-010575
8229,02D03-2401-GU-000023
8247,48C01-2310-GU-000524
8254,49D08-2306-GU-022017
8259,49D08-2309-GU-035171
8265,12D01-2301-GU-000001
8270,46D02-1611-GU-000132
8271,79C01-1908-GU-000077
8274,32D01-2306-GU-000071
8279,49D08-2309-GU-038146
8285,30C01-2302-GU-000006
8290,49D08-1908-GU-031909
8291,20D06-2403-GU-000033
8292,02D03-1903-GU-000052
8294,49D08-1906-GU-023655
8297,49D08-1904-GU-012964
8301,02D03-2307-GU-000232
8305,49D08-2303-GU-008950
8309,49D08-2312-GU-047026
8319,02D03-2303-GU-000085
8320,49D08-1903-GU-012605
8324,49D08-1906-GU-023112
8328,49D08-2306-GU-023326
8335,49D08-2307-GU-029374
8341,41D01-2402-GU-000028
8342,47C01-1907-GU-000042
8346,45D05-1903-GU-000064
8348,49D08-2308-GU-030760
8354,49D08-2312-GU-046456
8357,18C01-1911-GU-000160
8359,41D01-2401-GU-000016
8364,34D02-1802-GU-000010
8366,49D08-1907-GU-028271
8371,49D08-1908-GU-033436
8386,49D08-2306-GU-026035
8387,48C03-1907-GU-000376
8391,41D01-1907-GU-000112
8392,77C01-2311-GU-000032
8396,49D08-1906-GU-023353
8397,28C01-2402-GU-000004
8401,49D08-1902-GU-004576
8404,49D08-2306-GU-023276
8414,02D03-1909-GU-000163
8415,02D03-2310-GU-000302
8416,49D08-2309-GU-035820
8426,02D03-2308-GU-000246
8428,49D08-2310-GU-041093
8429,53C01-1903-GU-000028
8438,20D06-2403-GU-000035
8439,53C01-1908-GU-000120
8443,53C01-2303-GU-000025
8444,02D03-1809-GU-000269
8445,49D08-1904-GU-016902
8447,18C01-2010-GU-000108
8460,45D11-2310-GU-000261
8463,28C01-1908-GU-000027
8470,46D01-2209-GU-000097
8473,46D01-1904-GU-000029
8487,49D08-1909-GU-037488
8488,02D03-1904-GU-000070
8490,49D08-2310-GU-038611
8502,06D01-1904-GU-000021
8503,49D08-1903-GU-010379
8504,49D08-1907-GU-029799
8518,72C01-2311-GU-000032
8519,02D03-1907-GU-000135
8523,72C01-1908-GU-000024
8529,49D08-2306-GU-022250
8539,49D08-2212-GU-043389
8542,32D01-1905-GU-000067
8546,32D03-1908-GU-000097
8555,52C01-2402-GU-000005
8556,29D03-2307-GU-000112
8557,49D08-2305-GU-020680
8561,18C01-2311-GU-000136
8566,10C01-1903-GU-000050
8576,49D08-2306-GU-024493
8583,49D08-1906-GU-026122
8584,41D01-2302-GU-000018
8585,21D01-1903-GU-000012
8592,49D08-2306-GU-025534
8595,30D01-2312-GU-000074
8597,31C01-1808-GU-000040
8601,49D08-2312-GU-046674
8602,41D01-2308-GU-000140
8604,49D08-1905-GU-019305
8605,33C01-1801-GU-000001
8607,52D02-1901-GU-000004
8609,49D08-2303-GU-013315
8612,02D03-2304-GU-000110
8614,53C01-2307-GU-000115
8616,02D03-2312-GU-000354
8620,64D01-1905-GU-005195
8624,02D03-1903-GU-000045
8627,02D03-1906-GU-000109
8632,33C02-1901-GU-000006
8637,30D01-2212-GU-000075
8639,46D02-1905-GU-000053
8642,73C01-2308-GU-000034
8652,47C01-2306-GU-000044
8671,02D03-1905-GU-000096
8675,49D08-2308-GU-032549
8681,10C01-2302-GU-000013
8684,46C01-2402-GU-000023
8689,49D08-1909-GU-039095
8691,65C01-2008-GU-000015
8693,49D08-2309-GU-036218
8701,33C02-1905-GU-000028
8702,79C01-1907-GU-000069
8705,02D03-2301-GU-000029
8707,73C01-2311-GU-000058
8709,49D08-2311-GU-045753
8710,49D08-1904-GU-016355
8719,84D02-2310-GU-006576
8720,48C01-1903-GU-000137
8728,02D03-2304-GU-000120
8733,49D08-2312-GU-048851
8735,49D24-2311-GU-044840
8741,49D08-2312-GU-049647
8743,67C01-1902-GU-000008
8747,49D08-2403-GU-011193
8748,46C01-2307-GU-000080
8749,56C01-2305-GU-000447
8750,47C01-1903-GU-000015
8753,49D08-1905-GU-018050
8757,29D03-1908-GU-000180
8760,29D01-2403-GU-000038
8762,49D08-1909-GU-037176
8763,64D01-2310-GU-009156
8766,49D08-2305-GU-021851
8772,02D03-2304-GU-000100
8775,91C01-2403-GU-000009
8778,18C01-1907-GU-000111
8782,49D08-2311-GU-042796
8794,49D08-1910-GU-041872
8796,45C01-1706-GU-000095
8803,02D03-1905-GU-000083
8808,49D08-1909-GU-040400
8809,49D08-1806-GU-025597
8814,05C01-2301-GU-000002
8818,49D08-1907-GU-030692
8828,46D01-1905-GU-000047
8831,49D08-1904-GU-013464
8838,79C01-2310-GU-000116
8841,89C01-2306-GU-000055
8843,30C01-2403-GU-000026
8847,02D03-2307-GU-000227
8851,49D08-2306-GU-024053
8854,20D01-1908-GU-000162
8857,49D08-1903-GU-008752
8862,02D03-1903-GU-000044
8863,32D01-1802-GU-000015
8864,45C01-1907-GU-000206
8865,91C01-2403-GU-000010
8869,49D08-2401-GU-003560
8875,02D03-2310-GU-000304
8879,12C01-2301-GU-000004
8880,49D08-1909-GU-036609
8882,29D03-1902-GU-000033
8886,14C01-2302-GU-000010
8899,34D04-1903-GU-000031
8902,02D03-1909-GU-000164
8903,02D03-2311-GU-000332
8920,49D08-2302-GU-004389
8927,64D01-2310-GU-009155
8934,49D08-2305-GU-020693
8941,21D01-1907-GU-000053
8948,49D08-2308-GU-032065
8949,41D01-1905-GU-000087
8950,49D08-2310-GU-040336
8956,49D08-2310-GU-040897
8963,02D03-2302-GU-000044
8971,07C01-2001-GU-000004
8975,49D08-1907-GU-030528
8976,06D01-2311-GU-000079
8984,29D03-2303-GU-000038
8991,49D08-1901-GU-002500
8992,41D01-2308-GU-000143
8994,02D03-2403-GU-000063
8999,18C01-1911-GU-000159
9002,49D08-2309-GU-034711
9003,49D08-1901-GU-001715
9009,10C01-1908-GU-000109
9014,29D03-2306-GU-000107
9015,52C01-2308-GU-000032
9018,02D03-2312-GU-000352
9020,39C01-2402-GU-000010
9026,89D02-1901-GU-000006
9027,49D08-2401-GU-002251
9031,49D08-2308-GU-033671
9034,10C01-2304-GU-000051
9046,28C01-1904-GU-000012
9049,02D03-2312-GU-000351
9051,27C01-2402-GU-000010
9052,49D08-2311-GU-046384
9055,31C01-1901-GU-000001
9057,49D08-1905-GU-017712
9059,02D03-2307-GU-000209
9068,49D08-2312-GU-047592
9077,49D08-2402-GU-008824
9081,74C01-2308-GU-000030
9084,49D08-2310-GU-040196
9088,02D03-1905-GU-000080
9091,49D08-1908-GU-033439
9100,89C01-1904-GU-000054
9102,29D03-2303-GU-000048
9106,49D08-1909-GU-038023
9107,29D03-1904-GU-000074
9113,84D03-2306-GU-003535
9115,73C01-2003-GU-000007
9116,30C01-2402-GU-000019
9126,84D03-2308-GU-005484
9128,49D08-1904-GU-013815
9134,02D03-1901-GU-000002
9136,53C01-2307-GU-000112
9137,45D05-1808-GU-000183
9138,49D08-1909-GU-038538
9139,49D08-2212-GU-043643
9146,48C01-2308-GU-000400
9147,47C01-1909-GU-000059
9152,53C01-2304-GU-000054
9155,02D03-2402-GU-000049
9156,48C06-2307-GU-000341
9158,52C01-2403-GU-000013
9159,49D08-1901-GU-000921
9161,53C01-2401-GU-000006
9162,67C01-1903-GU-000011
9163,49D08-2304-GU-015016
9165,49D08-2312-GU-049682
9169,60C01-1903-GU-000010
9176,49D08-2310-GU-040639
9181,49D08-1906-GU-022867
9185,62C01-1905-GU-000010
9190,12D01-2303-GU-000010
9191,50C01-2307-GU-000035
9206,43D01-1901-GU-000012
9207,49D08-1906-GU-025085
9214,74C01-2303-GU-000009
9220,31C01-1908-GU-000028
9221,49D08-1908-GU-033065
9225,02D03-2303-GU-000062
9229,49D08-2311-GU-044092
9232,45D11-1810-GU-000269
9237,41D01-2402-GU-000031
9238,67C01-2308-GU-000024
9240,32D01-1906-GU-000080
9244,18C01-1902-GU-000025
9247,02D03-2212-GU-000349
9254,45C01-1809-GU-000219
9258,49D08-2309-GU-037867
9259,49D10-2308-GU-033667
9262,49D08-2311-GU-044741
9266,48C01-1906-GU-000320
9268,02D03-2401-GU-000016
9274,53C01-1908-GU-000116
9275,73C01-2107-GU-000044
9285,74C01-2302-GU-000007
9292,80C01-1908-GU-000026
9300,43D01-2401-GU-000004
9317,33C01-1907-GU-000043
9320,49D08-1906-GU-022226
9324,49D08-1902-GU-007439
9336,33C01-1908-GU-000047
9339,41D01-2308-GU-000141
9340,49D08-1802-GU-008305
9341,17D02-2208-GU-000023
9342,46C01-1907-GU-000073
9348,49D08-2212-GU-041826
9352,53C01-2402-GU-000025
9355,45D05-1905-GU-000138
9362,49D08-2302-GU-004487
9365,49D08-1904-GU-013813
9376,49D08-2309-GU-036687
9385,49D08-2312-GU-048510
9389,50C01-2312-GU-000059
9390,20C01-2301-GU-000005
9394,78C01-2311-GU-000019
9399,33C01-1905-GU-000026
9402,49D24-2310-GU-038813
9412,79C01-2302-GU-000020
9416,52C01-2307-GU-000025
9417,49D08-1903-GU-009835
9418,06D01-2306-GU-000028
9424,41D01-2303-GU-000044
9430,02D03-2308-GU-000244
9431,02D03-2304-GU-000102
9440,49D08-2312-GU-047683
9451,02D03-2304-GU-000112
9452,65D01-2303-GU-000006
9458,49D08-2306-GU-024487
9460,71C01-2301-GU-000008
9461,02D03-1907-GU-000140
9463,32D01-1908-GU-000093
9477,37C01-2308-GU-000806
9478,49D08-2303-GU-011208
9479,18C01-2301-GU-000010
9487,35C01-2403-GU-000008
9488,49D08-1909-GU-038580
9493,79C01-1904-GU-000038
9495,02D03-1906-GU-000115
9498,02D03-2402-GU-000035
9499,62C01-1802-GU-000001
9500,41D01-1905-GU-000089
9509,84D03-1907-GU-004975
9512,41D01-1901-GU-000006
9513,45D02-1905-GU-000146
9516,05C01-1903-GU-000007
9520,02D03-2305-GU-000141
9523,49D08-2403-GU-013871
9524,49D08-2303-GU-012302
9527,50C01-1906-GU-000032
9529,18C05-1903-GU-000032
9538,49D08-2304-GU-017284
9541,49D08-2308-GU-031751
9543,45D11-2304-GU-000076
9546,49D08-2307-GU-029912
9548,46D02-1902-GU-000015
9549,02D03-2403-GU-000069
9556,02D03-2303-GU-000057
9557,49D08-2311-GU-042867
9558,79C01-1901-GU-000002
9568,72C01-1909-GU-000028
9569,32D01-1903-GU-000039
9579,84D02-1906-GU-004374
9581,20D01-1903-GU-000054
9584,18C01-1905-GU-000068
9594,50C01-2307-GU-000033
9595,47C01-2403-GU-000014
9596,49D08-1905-GU-018220
9598,02D03-1908-GU-000159
9616,45D05-1910-GU-000284
9638,02D03-2306-GU-000173
9639,32D01-2312-GU-000148
9641,49D08-2306-GU-022869
9643,32D01-1908-GU-000092
9646,53C01-1905-GU-000061
9649,49D08-1902-GU-005514
9651,32D01-1902-GU-000010
9654,49D08-2308-GU-030841
9661,49D08-2303-GU-012100
9666,89D02-1902-GU-000013
9667,41D01-1902-GU-000033
9678,49D08-2303-GU-009526
9684,79C01-1906-GU-000055
9688,49D08-1907-GU-029960
9692,02D03-2307-GU-000239
9694,49D08-2212-GU-041927
9705,49D08-1905-GU-021264
9706,49D08-2309-GU-036807
